Language,Video ID,Controversial Topics (LLM),Derogatory Words (LLM),Derogatory Words (dictionary),Person names,Transcript word count,Transcript unique word count,Transcript non-stopword count,Transcript unique non-stop word count
kn,-_2ftf31pC8,None,None,ಬುದ್ಧಿ,"[('ಗುರುಗಳೇ', 'hindu', 'male'), ('ಊರ್ಮಳ', 'hindu', 'female'), ('ಭಾವ', 'hindu', 'male'), ('ಸುಹಾಸ್', 'hindu', 'male'), ('ಅಜ್ಜಿ', 'hindu', 'female'), ('ಕಾರ್ತಿಕ್', 'hindu', 'male'), ('ಮನೆ ಮಹಾಲಕ್ಷ್ಮಿ', 'hindu', 'female'), ('ರಾಯರೆ', 'hindu', 'male'), ('ಚಿಕ್ಕಿ', 'hindu', 'female')]",1241,696,844,603
kn,0AQrJYYuvOs,None,None,None,"[('ವಾಸು', 'hindu', 'male'), ('ಚಿನ್ನು', 'hindu', 'female'), ('ರಾಮು', 'hindu', 'male'), ('ಮೇಡಂ', 'hindu', 'female'), ('ಭಾರ್ಗವಿ', 'hindu', 'female'), ('ರಂಜಿತ್', 'hindu', 'male'), ('ಲಕ್ಷ್ಮಿ', 'hindu', 'female'), ('ಶ್ರುತಿ', 'hindu', 'female'), ('ಅನಿರುದ್ಧ', 'hindu', 'male'), ('ದೇವಿ', 'hindu', 'female'), ('ಗುರು', 'hindu', 'male'), ('ಅಜ್ಜಿ', 'hindu', 'female'), ('ಶ್ವೇತಾ', 'hindu', 'female'), ('ತಾತ', 'hindu', 'male'), ('ಆಯಿ', 'hindu', 'female')]",1130,650,795,554
kn,0BPaekFOu1A,None,None,None,"[('ಅಮ್ಮ', 'hindu', 'female'), ('ಆನಂದ', 'hindu', 'male'), ('ಆದ್ಯ', 'hindu', 'female'), ('ಮಂಜು', 'hindu', 'male'), ('ಅಮೂಲ್ಯ', 'hindu', 'female'), ('ಎಡ್ವರ್ಡ್ ರಾಜ್', 'hindu', 'male'), ('ಭಜರಂಗಿ', 'hindu', 'male'), ('ವೇದಾಂತ', 'hindu', 'male'), ('ಅಪ್ಪ', 'hindu', 'male'), ('ಶತಪಾಲವಿ', 'hindu', 'female'), ('ಸುಹಾಸಿನಿ', 'hindu', 'female')]",1118,669,743,561
kn,0I8-sUJ0sHI,None,None,ಬುದ್ಧಿ,"[('ಗುರೂಜಿ', 'hindu', 'male'), ('ತಾತ', 'hindu', 'male'), ('ಮಗಳೇ', 'hindu', 'female'), ('ಪಾರ್ವತಿ', 'hindu', 'female'), ('ಜಾನಕಮ್ಮ', 'hindu', 'female'), ('ಅತ್ತೆ', 'hindu', 'female'), ('ಅನುಷ್ಕ', 'hindu', 'female'), ('ಯಜಮಾನರು', 'hindu', 'male'), ('ಯಶ್ಮಾನ್', 'hindu', 'male'), ('ಆದಿ', 'hindu', 'male'), ('ಮಾವ', 'hindu', 'male'), ('ಅಜ್ಜಿ', 'hindu', 'female'), ('ಚಿಕ್ಕೇಶ್ಮಾನ್', 'hindu', 'male'), ('ಬಾಮ', 'hindu', 'female')]",1244,723,844,623
kn,0SXlRQoh5rU,None,ಮೂರ್ಖ,None,"[('ಲಂಕಾಧಿಪತಿ ರಾವಣ', 'hindu', 'male'), ('ಭೂದೇವಿ', 'hindu', 'female'), ('ಭಾನುಶನಿ', 'hindu', 'male'), ('ಗೋಪಾಲಕ', 'hindu', 'male'), ('ಶಾನಿ', 'hindu', 'male'), ('ಅಗ್ನಿದೇವ', 'hindu', 'male'), ('ವಾಯುದೇವ', 'hindu', 'male'), ('ಕಾಕರಾಜ', 'hindu', 'male'), ('ಶ್ರೀಮನ್ನಾರಾಯಣ', 'hindu', 'male'), ('ಆರ್ಶನಿ', 'hindu', 'female'), ('ಮಹಾದೇವ', 'hindu', 'male'), ('ಮಾತೆ', 'hindu', 'female'), ('ಭವ್ಯ ಶನಿ', 'hindu', 'male'), ('ಯಶನೆ', 'hindu', 'male'), ('ದನಗಾಹಿ', 'hindu', 'male'), ('ನಾಕು', 'hindu', 'male')]",1006,521,622,454
kn,0TduQfJgGVE,None,None,None,"[('ಮನೋಹರ', 'hindu', 'male'), ('ಅಶ್ವಿನಿ', 'hindu', 'female'), ('ಶಿವ', 'hindu', 'male')]",6,3,0,0
kn,0VATf-xoPV0,None,None,None,"[('ನಾಗಗಳು', 'hindu', 'male'), ('ಪಾಂಪು', 'hindu', 'male'), ('ಸಾಹುಕಾರರು', 'hindu', 'male'), ('ಕರ್ಪ ಕಾರ್ತಿ', 'hindu', 'male'), ('ತ್ರಿಶೂಲ್', 'hindu', 'male'), ('ಶಿವಾಮಿ', 'hindu', 'male'), ('ನಂದೀಶ್', 'hindu', 'male'), ('ಗೌರಿ', 'hindu', 'female'), ('ಹಾವು', 'hindu', 'male'), ('ಯಜಮಾನರು', 'hindu', 'male'), ('ಹನುಮಾನ', 'hindu', 'male'), ('ಕರ್ಪದರ್ಶನ', 'hindu', 'male'), ('ಅಂಕಲ್', 'hindu', 'male'), ('ಶಿವಾನಿ', 'hindu', 'female'), ('ಭೂತ', 'hindu', 'male'), ('ಆಸುಭಯ್ಯ', 'hindu', 'male'), ('ಪರಮೇಶ್ವರ', 'hindu', 'male')]",1330,731,870,625
kn,0qr1D1xFwvM,None,None,ಬುದ್ಧಿ,"[('ಹೇಮ', 'hindu', 'female'), ('ಮಾನಸಿ', 'hindu', 'female'), ('ದೀಪು', 'hindu', 'male'), ('ರಮಣ್', 'hindu', 'male'), ('ರಾಧಾ', 'hindu', 'female'), ('ಮಾಮ್', 'hindu', 'female'), ('ಅಣ್ಣ', 'hindu', 'male')]",932,572,649,472
kn,0y9M8zgatjE,None,None,None,"[('ಗುರುಗಳು', 'hindu', 'male'), ('ಅಮ್ಮ', 'hindu', 'female'), ('ಮಹಾನಾಗ', 'hindu', 'male'), ('ನಾಗಲೋಕ', 'hindu', 'male'), ('ಅತ್ತಿಗೆ', 'hindu', 'female'), ('ಆದಿಶೇಷ', 'hindu', 'male'), ('ಮಹಾಲಕ್ಷ್ಮಿ', 'hindu', 'female'), ('ವಿಷ್ಕಂಟ', 'hindu', 'male'), ('ದೇವಹಂತಿ', 'hindu', 'female'), ('ಜ್ವಾಲಮಾಲಿನಿ', 'hindu', 'female'), ('ತ್ರಿಶೂಲ್', 'hindu', 'male'), ('ಶಿವಾನಿ', 'hindu', 'female'), ('ಅಣ್ಣ', 'hindu', 'male'), ('ಪರಮೇಶ್ವರ', 'hindu', 'male')]",1594,818,1020,718
kn,10cRFOtbO0g,None,None,ಬುದ್ಧಿ,"[('ವಾಸು', 'hindu', 'male'), ('ರಾಮು', 'hindu', 'male'), ('ಚಂದು', 'hindu', 'male'), ('ಪಾರ್ವತಿ', 'hindu', 'female'), ('ಭಾರ್ಗವಿ', 'hindu', 'female'), ('ಚಿನ್ನು', 'hindu', 'female'), ('ಹಿರಣಗುಮ್ಮ', 'hindu', 'male'), ('ಅಮರ್ನಾಥ ಚಕ್ರವರ್ತಿ', 'hindu', 'male'), ('ಸಿರಿ', 'hindu', 'female'), ('ಗುರು', 'hindu', 'male'), ('ಅಜ್ಜಿ', 'hindu', 'female'), ('ಅರುಣ್', 'hindu', 'male')]",1247,667,839,577
kn,17qp2tqCAms,None,None,None,"[('ಸುಮಾಜಿ', 'hindu', 'male'), ('ಮಮ್ಮಿ', 'hindu', 'female'), ('ದೊಡ್ಡಮ್ಮ', 'hindu', 'female'), ('ಅತ್ತೆ', 'hindu', 'female'), ('ಭಾಸ್ಕರ್', 'hindu', 'male'), ('ಯಮ್ಮಿ', 'hindu', 'male'), ('ಹಾರಿಕಾ', 'hindu', 'female'), ('ಆಂಟಿ', 'hindu', 'female'), ('ರಾಕಿ', 'hindu', 'male'), ('ದೊಡ್ಡಪ್ಪ', 'hindu', 'male'), ('ವಸು', 'hindu', 'male'), ('ಅಕ್ಕ', 'hindu', 'female'), ('ಅಣ್ಣ', 'hindu', 'male')]",1098,604,756,523
kn,1AKHRPsguXs,None,None,ಬುದ್ಧಿ,"[('ಅಂಕಲ್', 'hindu', 'male'), ('ಶಿವಾನಿ', 'hindu', 'female'), ('ಜ್ವಾಲಮಾಲಿನಿ', 'hindu', 'female'), ('ನಾಗಿಣಿ', 'hindu', 'female'), ('ಗುರುಗಳು', 'hindu', 'male'), ('ಅಪ್ಪ', 'hindu', 'male'), ('ತ್ರಿಶೂಲ', 'hindu', 'male'), ('ಮಾರಯ್ಯ ದೇವರು', 'hindu', 'male'), ('ಮಾಯಾನಾಗ', 'hindu', 'male'), ('ಕವನ', 'hindu', 'female')]",1548,848,1052,739
kn,1e-lU5yvEqE,None,None,ಬುದ್ಧಿ,"[('ಬುಡ್ಲ', 'hindu', 'male'), ('ಕನವ್ವ', 'hindu', 'female'), ('ಗೋ', 'hindu', 'male'), ('ಗಮ್ನಕ್ಕ', 'hindu', 'female'), ('ಲಕ್ಷ್ಮಿ ತಾಯಿ', 'hindu', 'female'), ('ಸ್ನೇಹ', 'hindu', 'female'), ('ಮೇಷ್ಟ್ರು', 'hindu', 'male'), ('ರಾಮಣೆ', 'hindu', 'female'), ('ಉರ್ಸಕ್ಕ', 'hindu', 'female'), ('ಕಾಳಿ', 'hindu', 'female'), ('ಯಮ್ಮನಕ್ಕ', 'hindu', 'female'), ('ಅಕ್ಕ', 'hindu', 'female'), ('ಪುಟ್ಟಕ್ಕ', 'hindu', 'female'), ('ರಾಜೇಶ್ವರಿ', 'hindu', 'female')]",1130,671,788,587
kn,1kkKfbWQ8qQ,None,None,None,"[('ಅಮ್ಮ', 'hindu', 'female'), ('ದಿವ್ಯ', 'hindu', 'female'), ('ಸುಂದರಮ್ಮ', 'hindu', 'female'), ('ಅಮೂಲ್ ಬೇಬಿ', 'hindu', 'female'), ('ಬೈರವೇ', 'hindu', 'male'), ('ರವಿ', 'hindu', 'male'), ('ಗಿರಸಿಮ್ಹ', 'hindu', 'male'), ('ಅಪ್ಪ', 'hindu', 'male'), ('ಕಾರ್ತಿಕ್', 'hindu', 'male'), ('ಮುಕುಂದ್ ಸರ್', 'hindu', 'male')]",1593,862,1134,757
kn,2GD8L5U-gFM,None,ತುಚ್ಚ ಹುಳುಗಳು,None,"[('ಶಾಸ್ತ್ರಿ', 'hindu', 'male'), ('ಪರಶಿವ', 'hindu', 'male'), ('ದಕ್ಷಕೋಕುಲ', 'hindu', 'male'), ('ಭೈರವ', 'hindu', 'male'), ('ಮೂರು ಮಹಾನಾಗಗಳು', 'hindu', 'male'), ('ಅಮೃತ', 'hindu', 'male'), ('ಮಲ್ಲಿ', 'hindu', 'female'), ('ಬಾಬಾ', 'hindu', 'male'), ('ವಾಸುಕಿ', 'hindu', 'male'), ('ಅರ್ಜುನ', 'hindu', 'male'), ('ಊರ್ಮಿಳ', 'hindu', 'female'), ('ಪರಮೇಶ್ವರ', 'hindu', 'male')]",1365,679,844,587
kn,2M5sTxfvrcg,None,None,ಬುದ್ಧಿ,"[('ಶಾಸ್ತ್ರಿ', 'hindu', 'male'), ('ಯಾಮಿನಿ', 'hindu', 'female'), ('ರಾಮಕೃಷ್ಣ', 'hindu', 'male'), ('ಮಹಾಕಾಲ', 'hindu', 'male'), ('ಊರ್ಮೇಳ', 'hindu', 'female'), ('ಪುಷ್ಪಕ ವಿಮಾನ', 'hindu', 'male'), ('ನಾಗಮಣಿ', 'hindu', 'female'), ('ಶಂಕರ', 'hindu', 'male'), ('ಅಮೃತ', 'hindu', 'male'), ('ವಾಸುಕಿ', 'hindu', 'male')]",1205,610,740,524
kn,2V-TLYa_soY,None,None,ಬುದ್ಧಿ,"[('ಶರ್ಮಿಲ', 'hindu', 'female'), ('ಅಮ್ಮ', 'hindu', 'female'), ('ಮುತ್ತು', 'hindu', 'male'), ('ಅತ್ತೆ', 'hindu', 'female'), ('ಬೆಳ್ಳಿ', 'hindu', 'female'), ('ನೀಲಂಬರಿ', 'hindu', 'female'), ('ಮಗು', 'hindu', 'male')]",1643,853,1141,752
kn,2ZQfqvvvEdw,None,None,None,"[('ಧ್ರುವ', 'hindu', 'male'), ('ಶ್ರೀಕಾಂತ', 'hindu', 'male'), ('ಅದಿತಿ', 'hindu', 'female'), ('ಕೆಲಸದವರು', 'hindu', 'male'), ('ಅಮೂಲ್ಯ', 'hindu', 'female'), ('ಅಪ್ಪ', 'hindu', 'male'), ('ಮಮ್ಮು', 'hindu', 'male'), ('ಅಕ್ಕ', 'hindu', 'female'), ('ಮೇಡಂ', 'hindu', 'female'), ('ವೇದಾಂತಿ', 'hindu', 'male'), ('ಅಂಜು', 'hindu', 'female'), ('ಅಪರೂಪ್', 'hindu', 'male'), ('ನಾತರಾಗಿದ್ದಿ', 'hindu', 'female'), ('ವಿಕ್ಕಿ', 'hindu', 'male'), ('ಕಾಂತ', 'hindu', 'male'), ('ಅಪ್ಪ ಅಮ್ಮ', 'hindu', 'male'), ('ಜೂನಿಯರ್', 'hindu', 'male'), ('ಅತ್ತೆ', 'hindu', 'female'), ('ತೀತಿ', 'hindu', 'female'), ('ಅಗ್ರಾಜ', 'hindu', 'male'), ('ಅಂಜಲಿ', 'hindu', 'female'), ('ಗರಜ', 'hindu', 'male'), ('ಅಮ್ಮ', 'hindu', 'female'), ('ಅಜ್ಜೋ', 'hindu', 'male'), ('ಮಗು', 'hindu', 'male')]",1548,910,1097,796
kn,2b6IeSbsbNc,None,None,ಬುದ್ಧಿ, ,1504,787,1011,687
kn,2bYQseFYSko,None,None,"ಬುದ್ಧಿ, ಪಟೇಲರು ","[('ಗುರುಗಳೇ', 'hindu', 'male'), ('ಚಿದಾನಂದ', 'hindu', 'male'), ('ರಾಮ್ಜಿ ಸಕ್ಪಾಲ್', 'hindu', 'male'), ('ಭಾವನ', 'hindu', 'female'), ('ನಿರಂಜನ್', 'hindu', 'male'), ('ದ್ರುವ', 'hindu', 'male'), ('ಮಾವ', 'hindu', 'male'), ('ಗಂಗಾ', 'hindu', 'female'), ('ಭೀಮರಾವ್', 'hindu', 'male'), ('ಬಾವುಂಗ', 'hindu', 'male'), ('ಅಕ್ಕ', 'hindu', 'female'), ('ಮಕ್ಕಳು', 'hindu', 'male'), ('ಅನಂದಣ್ಣ', 'hindu', 'male'), ('ಪ್ರಿನ್ಸಿಪಾಲ್ ಸಾಹೇಬ್', 'hindu', 'male')]",2214,1146,1628,1022
kn,2hcl8UimpVo,None,None,"ಹಿಂದುತ್ವ , ಬುದ್ಧಿ","[('ರಿತು', 'hindu', 'female'), ('ಜಯಮ್ಮ', 'hindu', 'female'), ('ರಮೇಶ್', 'hindu', 'male'), ('ಕಿರಣ', 'hindu', 'male'), ('ರಘು', 'hindu', 'male'), ('ಧರ್ಮ', 'hindu', 'male'), ('ಚೆನ್ನಪ್ಪ', 'hindu', 'male'), ('ಬುದ್ದಿ', 'hindu', 'male'), ('ಹನುಮಂತ', 'hindu', 'male'), ('ಅಖಿಲಮ್ಮ', 'hindu', 'female'), ('ಜೇಂತಪ್ಪ', 'hindu', 'male'), ('ವೀರಣ್ಣ', 'hindu', 'male')]",999,552,685,490
kn,30WnSa65stI,None,None,None, ,1784,931,1229,811
kn,3GMOeR-TJdM,None,None,None,"[('ವಿಷ್ಣು', 'hindu', 'male'), ('ಮಣಿ', 'hindu', 'male'), ('ಭೈರವ', 'hindu', 'male'), ('ಶಾಸ್ತ್ರಿಗಳು', 'hindu', 'male'), ('ಅಂಕಲ್', 'hindu', 'male'), ('ಅಜ್ಜಿ', 'hindu', 'female'), ('ಅಮೃತ', 'hindu', 'male'), ('ಮಲ್ಲಿ', 'hindu', 'female'), ('ರುದ್ರ', 'hindu', 'male'), ('ಅಣ್ಣ', 'hindu', 'male')]",1025,589,659,498
kn,4DAYrS2ow1c,None,None,ಬಂಡೆ,"[('ಅಮ್ಮ', 'hindu', 'female'), ('ಯಶಮಾಂಬ', 'hindu', 'female'), ('ಮಯಂತಿ', 'hindu', 'female'), ('ಯಜಮಾನರು', 'hindu', 'male'), ('ಅಪ್ಪ', 'hindu', 'male'), ('ತ್ರಿಶೂಲ್', 'hindu', 'male'), ('ಚಿಕ್ಕ ಯಜಮಾನರು', 'hindu', 'male'), ('ತೃಶ್ವ', 'hindu', 'male')]",1398,775,937,672
kn,4nmW10tYBMw,None,None,ಬುದ್ಧಿ,"[('ಅಮ್ಮು', 'hindu', 'female'), ('ಪಾರು', 'hindu', 'female'), ('ಚಂದ್ರಶೇಖರ್ ಸ್ವಾಮಿ', 'hindu', 'male'), ('ಥೋಮಸ್', 'hindu', 'male'), ('ಸತ್ಯ', 'hindu', 'male'), ('ಮಂಜುಳ', 'hindu', 'female'), ('ನೀಲಾ', 'hindu', 'female'), ('ಗುರು', 'hindu', 'male'), ('ಕಮಲಿ', 'hindu', 'female'), ('ಅನು', 'hindu', 'female'), ('ಲೀಲಾ', 'hindu', 'female'), ('ಶಿವಾನಿ', 'hindu', 'female'), ('ಕೌಸಲ್ಯ', 'hindu', 'female')]",1358,826,949,718
kn,57F6V5UYabw,None,None,ಬುದ್ಧಿ,"[('ಸಾಹೇಬ್', 'hindu', 'male'), ('ನಂದಿನಿ', 'hindu', 'female'), ('ರಾಜನಂದಿನಿ', 'hindu', 'female'), ('ಅಮ್ಮ', 'hindu', 'female'), ('ಪುರೋಹಿತರು', 'hindu', 'male'), ('ಪವಿತ್ರ', 'hindu', 'female'), ('ಅಪ್ಪ', 'hindu', 'male'), ('ಚಂದ್ರಪ್ಪ', 'hindu', 'male'), ('ಹರ್ಷ', 'hindu', 'male'), ('ಚಾರು', 'hindu', 'female')]",1014,612,662,512
kn,6fUynJg-nA8,None,None,None,"[('ಮಾದ', 'hindu', 'male'), ('ರಾಣಿ', 'hindu', 'female'), ('ಮಾವ್', 'hindu', 'male'), ('ರಮಣ', 'hindu', 'male'), ('ರಿಪು', 'hindu', 'male'), ('ದೀಪಿಕಾ', 'hindu', 'female'), ('ಅಫನಿ', 'hindu', 'female'), ('ರಾಧಾ', 'hindu', 'female'), ('ಗಣೇಶ', 'hindu', 'male'), ('ಶಮನ್', 'hindu', 'male')]",1206,701,832,582
kn,6gKBFMo-hto,dowry,None,None,"[('ನಂದೀಶ', 'hindu', 'male'), ('ಭೂಲೋಕ', 'hindu', 'male'), ('ನಾಗಲೋಕ', 'hindu', 'male'), ('ಮಧುಮತಿ', 'hindu', 'female'), ('ಆದಿಶೇಷ', 'hindu', 'male'), ('ತ್ರಿಶೂಲ', 'hindu', 'male'), ('ಗುರು', 'hindu', 'male'), ('ಅಮೃತ', 'hindu', 'male'), ('ದಿಗ್ವಿಜಯ', 'hindu', 'male'), ('ಶಿವಾನಿ', 'hindu', 'female'), ('ಪರಮೇಶ್ವರ', 'hindu', 'male')]",1331,673,851,592
kn,6rGGAB0iIdY,None,None,ಬಂಡೆ,"[('ಶರ್ಮಿಲ', 'hindu', 'female'), ('ಅಮ್ಮ', 'hindu', 'female'), ('ಬಂಡೆ', 'hindu', 'male'), ('ಮುತ್ತು', 'hindu', 'male'), ('ನೀಲಾಂಬರಿ', 'hindu', 'female'), ('ಕಲ್ಲು', 'hindu', 'male'), ('ರೈಲ್', 'hindu', 'male'), ('ಗಂಡ', 'hindu', 'male'), ('ಮಾವ', 'hindu', 'male'), ('ಮುತ್ತುಶರ', 'hindu', 'male'), ('ಬೆಳ್ಳಿ', 'hindu', 'female'), ('ಬುಡುಬುಡಕೆ', 'hindu', 'male'), ('ದೈವ ಶಕ್ತಿ', 'hindu', 'female'), ('ದುಷ್ಟ ಶಕ್ತಿ', 'hindu', 'male'), ('ಮಗು', 'hindu', 'male'), ('ಅಕ್ಕ', 'hindu', 'female'), ('ಯವರು', 'hindu', 'male'), ('ಮಂತ್ರಿ ಮಂಡಲ', 'hindu', 'male')]",1717,898,1182,803
kn,74mHnMgmydE,None,ಬಜಾರಿ,None,"[('ಮೀನು', 'hindu', 'male'), ('ಸೀತಮ್ಮ', 'hindu', 'female'), ('ಅಮೂಲ್ ಬೇಬಿ', 'hindu', 'female'), ('ದಿವ್ಯ', 'hindu', 'female'), ('ಸತ್ಯ', 'hindu', 'male'), ('ಜಾನಕಿ', 'hindu', 'female'), ('ಸುಹಾಸ್', 'hindu', 'male'), ('ಬಾಲ', 'hindu', 'male')]",1341,752,951,651
kn,80wqjHaqzek,None,None,None,"[('ನಿಷಾ', 'hindu', 'female'), ('ಅಮ್ಮ', 'hindu', 'female'), ('ಬಾಮ್ಮಾ', 'hindu', 'female'), ('ದಿವ್ಯ', 'hindu', 'female'), ('ಸತ್ಯ', 'hindu', 'male'), ('ಗಿಫ್ಟ್', 'hindu', 'female'), ('ಬರ್ತಡೇ', 'hindu', 'male'), ('ರಿಂಗ್', 'hindu', 'female'), ('ಮನೆ', 'hindu', 'male'), ('ಕಾರ್ತಿಕ್', 'hindu', 'male'), ('ನಿಶ್ಚಿತಾರ್ಥ', 'hindu', 'male'), ('ಪಾರ್ಟಿ', 'hindu', 'male')]",1329,754,876,630
kn,8DK0BrEaMDI,None,None,None,"[('ಅರಸನ ಕೋಟೆ', 'hindu', 'male'), ('ದಡ್ಡ', 'hindu', 'male'), ('ಆದಿತ್ಯ', 'hindu', 'male'), ('ಪಾರ್ವತಿ', 'hindu', 'female'), ('ಭಾವ', 'hindu', 'male'), ('ಜನನಿ', 'hindu', 'female'), ('ಮೌನಿಕ', 'hindu', 'male'), ('ಅಖಿಲಾಂಡೇಶ್ವರಿ', 'hindu', 'female'), ('ಚನಿ', 'hindu', 'male'), ('ಮನಿಕ', 'hindu', 'male'), ('ಅರುಂಧತಿ', 'hindu', 'female'), ('ಪ್ರೀತಂ', 'hindu', 'male')]",1424,813,985,707
kn,8EEYoSt9iCo,None,None,None,"[('ಅಳಿಯಂದ್ರ', 'hindu', 'male'), ('ಅಂಟಿ', 'hindu', 'female'), ('ಅತ್ತೆ', 'hindu', 'female'), ('ಬಳ್ಳಿಹಾಳೆ', 'hindu', 'male'), ('ಗಂಡ', 'hindu', 'male'), ('ಮಂಗಳ', 'hindu', 'male'), ('ಮಾವ', 'hindu', 'male'), ('ಅಜ್ಜಿ', 'hindu', 'female'), ('ಕರ್ಣ', 'hindu', 'male'), ('ಅಕ್ಕ', 'hindu', 'female'), ('ಪುಟ್ಟಗೌರಿ', 'hindu', 'female')]",647,409,451,351
kn,8F-nSHKZEJ8,None,None,None,"[('ನಂದಲೋಕ', 'hindu', 'male'), ('ಜೀವನ', 'hindu', 'male'), ('ಮಗ', 'hindu', 'male'), ('ತಂಗಿ', 'hindu', 'female'), ('ಊರು', 'hindu', 'male'), ('ಟಾನಿಕ್', 'hindu', 'male'), ('ಮಗಳು', 'hindu', 'female'), ('ಅಪ್ಪ', 'hindu', 'male'), ('ರಾಜಿ', 'hindu', 'female'), ('ಅಕ್ಕ', 'hindu', 'female'), ('ನೀಲಕಂಠ', 'hindu', 'male'), ('ಸರಳಾತೆ', 'hindu', 'female'), ('ಹುಡುಗಿ', 'hindu', 'female'), ('ಬಾವ', 'hindu', 'male'), ('ಜನ', 'hindu', 'male'), ('ಲೋಕ', 'hindu', 'male'), ('ಮದುವೆ', 'hindu', 'male'), ('ಮೆಸ್', 'hindu', 'male'), ('ತಿಂಗವ್ವ', 'hindu', 'female'), ('ಸುಮಕೇಶ್', 'hindu', 'male'), ('ಕಾಲ', 'hindu', 'male'), ('ಸ್ವಾಭಿಮಾನ', 'hindu', 'male'), ('ಮಮ್ಮಿ', 'hindu', 'female'), ('ಸತ್ಯ', 'hindu', 'male'), ('ಅತ್ತೆ', 'hindu', 'female'), ('ಪೂರ್ವಿ', 'hindu', 'female'), ('ಜವಾಬ್ದಾರಿ', 'hindu', 'male'), ('ಮನೆಯವರು', 'hindu', 'male'), ('ಗಟ್ಟಿತನ', 'hindu', 'male'), ('ಬಂಗಾರಮ್ಮ', 'hindu', 'female'), ('ಲಗ್ನ', 'hindu', 'male'), ('ಪುಟ್ಟಕ್ಕ', 'hindu', 'female'), ('ಕನ್ಯಾದಾನ', 'hindu', 'female'), ('ಅಣ್ಣ', 'hindu', 'male'), ('ವಯಸ್ಸು', 'hindu', 'male'), ('ಕಂಟಿ', 'hindu', 'male'), ('ಮನೆ', 'hindu', 'male'), ('ಹುಡುಗ', 'hindu', 'male'), ('ಶಬ್ಬಮ್ಮ', 'hindu', 'female'), ('ಚಾಮುಂಗ', 'hindu', 'male'), ('ತಾಳಿ', 'hindu', 'female')]",1352,842,930,730
kn,8RgmkWgZICg,None,None,None,"[('ಆದಿತ್ಯ', 'hindu', 'male'), ('ಯಾಮಿನಿ', 'hindu', 'female'), ('ಗುರುಗಳು', 'hindu', 'male'), ('ಪಾರ್ವತಿ', 'hindu', 'female'), ('ದೊಡ್ಡಿ', 'hindu', 'female'), ('ಅಮ್ಮ', 'hindu', 'female'), ('ಬಾಮ್ಮ', 'hindu', 'female'), ('ರಘು', 'hindu', 'male'), ('ಮೇಡಂ', 'hindu', 'female'), ('ಬುದ್ದಿಗಳು', 'hindu', 'male'), ('ಪಪ್ಪೆ', 'hindu', 'male'), ('ಅಖಿಲಾಂಡೇಶ್ವರಿ', 'hindu', 'female'), ('ಯಶ್ಮನ್', 'hindu', 'male'), ('ವೀರಣ್ಣ', 'hindu', 'male')]",735,403,481,349
kn,9YXdpVbqu4g,None,None,ಬುದ್ಧಿ,"[('ಧ್ರುವ', 'hindu', 'male'), ('ನಂದಾರಿ', 'hindu', 'male'), ('ಬಾವ', 'hindu', 'male'), ('ಮೂಲಕ', 'hindu', 'male'), ('ರೌಡಿನಾಥ್', 'hindu', 'male'), ('ಚಿಕತ್ತೆ', 'hindu', 'male'), ('ಪರಿಮಳ', 'hindu', 'female'), ('ಅದಿತಿ', 'hindu', 'female'), ('ಅಮೂಲ್ಯ', 'hindu', 'female'), ('ಆರ್ತಿ', 'hindu', 'female'), ('ವೇದಾಂತ', 'hindu', 'male'), ('ಸುಹಾಸಿನಿ', 'hindu', 'female')]",1493,820,1064,727
kn,9_io0U0CqNQ,None,None,None,"[('ಸಂತೋಷ', 'hindu', 'male'), ('ರಾತ್ರಿಯಿಡೀ', 'hindu', 'male'), ('ಮಧ್ಯಾಹ್ನದಿಂದ', 'hindu', 'male'), ('ರಾತ್ರಿಯಿಂದ', 'hindu', 'male'), ('ಬುಧವಾರ', 'hindu', 'male'), ('ನೀನು', 'hindu', 'male'), ('ಕೆಟ್ಟ', 'hindu', 'male'), ('ಪ್ರೀತಿ', 'hindu', 'female'), ('ಸಿಕ್ಕಯಲ್ಲ', 'hindu', 'male'), ('ಗುರು', 'hindu', 'male'), ('ಕಮಲಿ', 'hindu', 'female'), ('ಅಪ್ಪ', 'hindu', 'male'), ('ಅವನಿಗೆ', 'hindu', 'male'), ('ಒದ್ದಾಡುವ', 'hindu', 'male'), ('ಚೆನ್ನನ ಭೇಟಿ ಮಾಡಿದಿಯಾ', 'hindu', 'male'), ('ಗುರಾಯಿಸೋದರಲ್ಲಿ', 'hindu', 'male'), ('ನಿಮಗೆ', 'hindu', 'male'), ('ಬೇಬಿ', 'hindu', 'female'), ('ಅವಳಿಗೆ', 'hindu', 'female'), ('ರಾತ್ರಿ', 'hindu', 'female'), ('ನಮ್ಮೆಲ್ಲರಿಗೂ', 'hindu', 'male'), ('ಚಂದ್ರ', 'hindu', 'male'), ('ನಾನು', 'hindu', 'male'), ('ಭಾನುವಾರ', 'hindu', 'male'), ('ಒಳ್ಳೆ', 'hindu', 'male'), ('ನಮಗೆ', 'hindu', 'male'), ('ಸುಮ್ಮನೆ', 'hindu', 'female'), ('ತುಂಬಾ', 'hindu', 'male'), ('ಕುಡುತ್ತಿದ್ದಿಯಾ', 'hindu', 'female'), ('ಸಂಜೆ', 'hindu', 'male'), ('ರಷಿ', 'hindu', 'male'), ('ಸಂಜೆಯಿಂದ', 'hindu', 'male'), ('ಭೇಟಿ', 'hindu', 'male'), ('ಮಂಗಳವಾರ', 'hindu', 'male'), ('ಶುಕ್ರವಾರ', 'hindu', 'male'), ('ಒಟ್ಟಿಗೆ', 'hindu', 'male'), ('ಅವರು', 'hindu', 'male'), ('ಅವರೆಲ್ಲರಿಗೂ', 'hindu', 'male'), ('ಒಂದೊಂದೇ', 'hindu', 'male'), ('ಸೋಮವಾರ', 'hindu', 'male'), ('ಭೇಟಿ ಮಾಡಿದಿಯಾ', 'hindu', 'male'), ('ಬೆಳಗ್ಗೆಯಿಂದ', 'hindu', 'male'), ('ಪಂಕಿ', 'hindu', 'male'), ('ಅವರಿಗೆ', 'hindu', 'male'), ('ಇಂದು', 'hindu', 'male'), ('ಸಕತ್ತಾಗಿದ್ದೀನಿ', 'hindu', 'male'), ('ಅವಳು', 'hindu', 'female'), ('ಗುರುವಾರ', 'hindu', 'male'), ('ಚೆನ್ನ', 'hindu', 'male'), ('ಅವನು', 'hindu', 'male'), ('ಅಣ್ಣ', 'hindu', 'male'), ('ಖುಷಿ', 'hindu', 'female'), ('ಅಮ್ಮ', 'hindu', 'female'), ('ಮೂಕ', 'hindu', 'male'), ('ಮುಗ್ದತೆ', 'hindu', 'female'), ('ತಾರ', 'hindu', 'female'), ('ನಿನಗೆ', 'hindu', 'male'), ('ಅವಮಾನ', 'hindu', 'male'), ('ಡಿಟೇಲ್ ಆಗಿ', 'hindu', 'female'), ('ನಿಮ್ಮಿಬ್ಬರಿಗೂ', 'hindu', 'male'), ('ಶನಿವಾರ', 'hindu', 'male'), ('ಬೆಳಗ್ಗೆ', 'hindu', 'male'), ('ನಿನ್ನೆ', 'hindu', 'female'), ('ಮಧ್ಯಾಹ್ನ', 'hindu', 'male')]",1197,690,767,579
kn,A-4BLzA7aaY,None,None,ಬುದ್ಧಿ,"[('ಮಮ್ಮಿ', 'hindu', 'female'), ('ಅತ್ತೆ', 'hindu', 'female'), ('ಭಾವ', 'hindu', 'male'), ('ಡ್ಯಾಡಿ', 'hindu', 'male'), ('ರಾಕಿ', 'hindu', 'male'), ('ಅಜ್ಜಿ', 'hindu', 'female'), ('ವಸು', 'hindu', 'male'), ('ಅನು ಕೀರ್ತಿ', 'hindu', 'female'), ('ಭಾಸ್ಕರ್ ದೊಡ್ಡಪ್ಪ', 'hindu', 'male'), ('ಅಣ್ಣ', 'hindu', 'male')]",1301,661,895,592
kn,AZKl9gF8-8U,None,None,None,"[('ರಾಜನಂದಿನಿ', 'hindu', 'female'), ('ಆರ್ಯ', 'hindu', 'male'), ('ಸುಬ್ಬು', 'hindu', 'male'), ('ಮಯೂರ್', 'hindu', 'male'), ('ಗುಡ್ಡೇ', 'hindu', 'male'), ('ಮೀರಾ', 'hindu', 'female'), ('ಅನು', 'hindu', 'female'), ('ಪೂರ್ಣ', 'hindu', 'male'), ('ಸರ್', 'hindu', 'male'), ('ಹರ್ಷ', 'hindu', 'male')]",1576,883,1072,761
kn,B2GR6VFjFpE,None,None,None,"[('ಗುರುಗಳೇ', 'hindu', 'male'), ('ಸಾವ್ಯ', 'hindu', 'female'), ('ಓಂ', 'hindu', 'male'), ('ಅಮ್ಮವರೇ', 'hindu', 'female'), ('ಮಾವ', 'hindu', 'male'), ('ನಿಂಪಾಟಿಗೆ', 'hindu', 'female'), ('ಶ್ರಾವ್ಯ', 'hindu', 'female'), ('ಶಾಲಿನಿ ಚಕ್ರವರ್ತಿ', 'hindu', 'female'), ('ಅತ್ತೆಮ್ಮಬ್ಬರು', 'hindu', 'female'), ('ವಾಸು', 'hindu', 'male'), ('ಚಿನ್ನು', 'hindu', 'female'), ('ಗುರುಗಳು', 'hindu', 'male'), ('ಭಾರ್ಗವಿ', 'hindu', 'female'), ('ವಸಂತ ಚಕ್ರವರ್ತಿ', 'hindu', 'male'), ('ಚಂದು', 'hindu', 'male'), ('ಲಕ್ಷ್ಮಿ', 'hindu', 'female'), ('ಯಜಮಾನ್ರೇ', 'hindu', 'male'), ('ಅರುಣ್', 'hindu', 'male'), ('ಶತಿ', 'hindu', 'female')]",1298,695,891,590
kn,BN52WfgQS_E,None,None,"ಜಾತಿನಾಕೆಯ, ಬುದ್ಧಿ","[('ಹಿರಣ್ಮಯಿ', 'hindu', 'female'), ('ಕೃಷ್ಣ', 'hindu', 'male'), ('ಅಮ್ಮ', 'hindu', 'female'), ('ಮಗ', 'hindu', 'male'), ('ವರದರಾಜು', 'hindu', 'male'), ('ಶ್ರೀಕಂಟ', 'hindu', 'male'), ('ಸೂರ್ಯ', 'hindu', 'male'), ('ಶಿವು', 'hindu', 'male'), ('ಶಿರಣ್ಮಯಿ', 'hindu', 'female'), ('ಅಪ್ಪ', 'hindu', 'male'), ('ಮಗಳು', 'hindu', 'female'), ('ಕಾತ್ಯಾಯನಿ', 'hindu', 'female')]",1039,624,705,539
kn,BRPlHgRbBDk,None,None,None,"[('ರಮೇಶ್', 'hindu', 'male'), ('ಋಷಿ', 'hindu', 'male'), ('ಕಮಲಿ', 'hindu', 'female'), ('ಅತ್ತೆಮ್ಮ', 'hindu', 'female'), ('ಗಂಗಾ', 'hindu', 'female'), ('ಶುಭ', 'hindu', 'male'), ('ಅಚ್ಚಿ', 'hindu', 'female'), ('ರಾಧಿಕಾ', 'hindu', 'female'), ('ಮಾಮ್', 'hindu', 'female'), ('ಬೇಬಿ', 'hindu', 'female')]",1359,690,869,579
kn,BXCM6gYX5EY,None,None,None,"[('ಅನಿಕ', 'hindu', 'male'), ('ಋಷಿ', 'hindu', 'male'), ('ಅಜ್ಜಿ', 'hindu', 'female'), ('ಕಮಲಿ', 'hindu', 'female'), ('ಶಂಭು', 'hindu', 'male'), ('ಮಾಮ್', 'hindu', 'female'), ('ಬೇಬಿ', 'hindu', 'female')]",922,508,635,428
kn,C7SizjcHQO0,None,None,None,"[('ಗುರುಗಳು', 'hindu', 'male'), ('ಬಸವಂತ', 'hindu', 'male'), ('ಮುತ್ತು', 'hindu', 'male'), ('ಸ್ವಾತಿ', 'hindu', 'female'), ('ಮುತ್ತುಮಾವ', 'hindu', 'male'), ('ಮಾಯಾ', 'hindu', 'female'), ('ಬೈರ', 'hindu', 'male')]",1304,726,910,641
kn,CMWT77WUP3M,None,None,None,"[('ಪೂಜೆ', 'hindu', 'female'), ('ಅಸೋಸಿಯೇಷನ್', 'hindu', 'male'), ('ಊರು', 'hindu', 'male'), ('ಕಬಡ್ಡಿ ಟ್ರೈನಿಂಗ್ ಸೆಂಟರ್', 'hindu', 'male'), ('ಸಮಾಧಾನ', 'hindu', 'male'), ('ದ್ವೇಷ', 'hindu', 'male'), ('ಪ್ರಣತಿ', 'hindu', 'female'), ('ಮನೆಮ್ಮ', 'hindu', 'female'), ('ರಾಜಾರೋಶವ ಪಾನಿಪುರಿ ಕೋಟೆ', 'hindu', 'male'), ('ದತ್ತ', 'hindu', 'male'), ('ತಂದೆ', 'hindu', 'male'), ('ಲಕ್ಕಿ', 'hindu', 'male'), ('ಮದುವೆ', 'hindu', 'male'), ('ಗುರುತ್', 'hindu', 'male'), ('ಉದ್ವೇಗ', 'hindu', 'male'), ('ಆಫೀಸ್', 'hindu', 'male'), ('ಊರ ಅಕ್ಕಪಕ್ಕದ ಊರುಗಳು', 'hindu', 'male'), ('ಸ್ಕೂಲ್', 'hindu', 'male'), ('ಹೂಕಣೆ', 'hindu', 'female'), ('ಪಿಂಕಿ', 'hindu', 'female'), ('ಅತ್ತೆ', 'hindu', 'female'), ('ರಾಕೇಶ್', 'hindu', 'male'), ('ಖಾಲಿ ಮನೆ', 'hindu', 'male'), ('ಬೇಜಾರು', 'hindu', 'male'), ('ಗೀತ', 'hindu', 'female'), ('ಭಯ', 'hindu', 'male'), ('ಅಣ್ಣ', 'hindu', 'male'), ('ಖುಷಿ', 'hindu', 'female'), ('ಚಿಕ್ಕಮ್ಮ', 'hindu', 'female'), ('ಅಮ್ಮ', 'hindu', 'female'), ('ಆರಾಮ', 'hindu', 'male'), ('ಸ್ನೇಹ', 'hindu', 'female'), ('ಮನೆ', 'hindu', 'male'), ('ವಿಚ್ಛೇದನ', 'hindu', 'male')]",2079,1147,1489,1010
kn,CrfKahV3oUQ,None,None,None,"[('ಧ್ರುವ', 'hindu', 'male'), ('ಅಮ್ಮ', 'hindu', 'female'), ('ನಿರಂಜನ', 'hindu', 'male'), ('ಗುರುಗಳು', 'hindu', 'male'), ('ಮಂಜಳ ಅಕ್ಕ', 'hindu', 'female'), ('ಬಾಳಣ್ಣ', 'hindu', 'male'), ('ಭೀಮಾಬಾಯಿ', 'hindu', 'female'), ('ಭೀಮರಾವ್', 'hindu', 'male'), ('ಅಕ್ಕ', 'hindu', 'female'), ('ಸಂಜಿ', 'hindu', 'male'), ('ಮುಖ್ಯೋಪಾಧ್ಯಾಯರು', 'hindu', 'male'), ('ಅಂಬೇಡ್ಕರ್ ಗುರುಗಳು', 'hindu', 'male')]",2311,1242,1734,1125
kn,D0QZcsuZJos,None,None,None,"[('ಬಾಸರು', 'hindu', 'male'), ('ಅಮ್ಮ', 'hindu', 'female'), ('ಲಕ್ಷ್ಮಿ', 'hindu', 'female'), ('ಅಜ್ಜಿ', 'hindu', 'female'), ('ಸರು', 'hindu', 'male'), ('ಅಪ್ಪ', 'hindu', 'male'), ('ದುರ್ಗಾ', 'hindu', 'female'), ('ಲೀಲಾ', 'hindu', 'female'), ('ರೇವತಿ', 'hindu', 'female'), ('ಅಣ್ಣ', 'hindu', 'male')]",1292,736,905,636
kn,D81TPA2FOwQ,None,None,None,"[('ಮಾತು', 'hindu', 'female'), ('ಮನೆತನ', 'hindu', 'male'), ('ದಿವ್ಯ', 'hindu', 'female'), ('ದಯವಿಟ್ಟು', 'hindu', 'female'), ('ಜಾನಕಿ', 'hindu', 'female'), ('ಮಗ', 'hindu', 'male'), ('ಓಂ', 'hindu', 'male'), ('ಪ್ರಯತ್ನ', 'hindu', 'male'), ('ಯೋಚನೆ', 'hindu', 'male'), ('ಹುಡುಗಿ', 'hindu', 'female'), ('ಪರಿಸ್ಥಿತಿ', 'hindu', 'male'), ('ತುಂಬಾ', 'hindu', 'male'), ('ಒಳ್ಳೆ', 'hindu', 'male'), ('ಕಾರ್ತಿಕ', 'hindu', 'male'), ('ಗಂಡ', 'hindu', 'male'), ('ಒಳ್ಳೆಯ', 'hindu', 'male'), ('ಹೆಂಡ್ತಿ', 'hindu', 'female'), ('ಸತ್ಯ', 'hindu', 'male'), ('ಅತ್ತೆ', 'hindu', 'female'), ('ಮನೆಯವರು', 'hindu', 'male'), ('ಒಪ್ಪಂದ', 'hindu', 'male'), ('ಸೈನ್', 'hindu', 'male'), ('ಗುಣಗಳು', 'hindu', 'male'), ('ಭಾಷ್ಯೆ', 'hindu', 'male'), ('ತೊಂದರೆ', 'hindu', 'male'), ('ಅರ್ಥ', 'hindu', 'male'), ('ಮನೆ', 'hindu', 'male'), ('ಯಜಮಾನರು', 'hindu', 'male'), ('ಮನೆಮಂದಿ', 'hindu', 'male'), ('ಸೊಸೆ', 'hindu', 'female')]",1058,551,681,481
kn,DcRUfARwQ50,None,None,None,"[('ವಸಮತಿ ಅಮ್ಮ', 'hindu', 'female'), ('ಸ್ನೇಹ', 'hindu', 'female'), ('ಸಾಹೇಬ್ರು', 'hindu', 'male'), ('ಮಂಗಳಗೌರಿ', 'hindu', 'female'), ('ರಾಜೀವ', 'hindu', 'male'), ('ಗೋದಿವರ', 'hindu', 'male'), ('ಕುಮಾರ್', 'hindu', 'male'), ('ಪುಟ್ಟಗೌರಿ', 'hindu', 'female')]",700,418,462,349
kn,Dxua5cFu4JU,None,None,None,"[('ಬಾಯಪ್ಪ', 'hindu', 'male'), ('ಬಾಮ್ಮ', 'hindu', 'female'), ('ರಿಷಿ', 'hindu', 'male'), ('ನವಿಲೆ', 'hindu', 'female'), ('ಕಮಲಿ', 'hindu', 'female'), ('ಅಜ್ಜಿ', 'hindu', 'female'), ('ಅನ್ನಪೂರ್ಣ', 'hindu', 'female'), ('ಯಪ್ಪಾ', 'hindu', 'male'), ('ಚಂದ್ರು', 'hindu', 'male'), ('ಮಹಾಜನ ಕುಟುಂಬ', 'hindu', 'male'), ('ಬೇಬಿ', 'hindu', 'female')]",697,455,474,394
kn,E3tGXwyqOIw,None,None,ಬುದ್ಧಿ,"[('ಸತ್ಯ', 'hindu', 'male'), ('ಅತ್ತೆ', 'hindu', 'female'), ('ಮಗ', 'hindu', 'male'), ('ಭಾವ', 'hindu', 'male'), ('ತಾಯಿ', 'hindu', 'female'), ('ಸುಪಾನ', 'hindu', 'male'), ('ದುಬೈ ಬಾಬು', 'hindu', 'male'), ('ಕಾರ್ತಿಕ್', 'hindu', 'male'), ('ಬಸಪ್ಪ ಬಾಬಯ್ಯ', 'hindu', 'male'), ('ಸೊಸೆ', 'hindu', 'female'), ('ಬಾಲ', 'hindu', 'male'), ('ಚೋಟು', 'hindu', 'male'), ('ಊರ್ಮಿಳ', 'hindu', 'female')]",1293,679,894,579
kn,ESVNq2m2qE4,None,None,ಬುದ್ಧಿ,"[('ಪಾರ್ವತಿ', 'hindu', 'female'), ('ಅಪ್ಪ', 'hindu', 'male'), ('ನೀನು', 'hindu', 'male'), ('ಸ್ಪಾ', 'hindu', 'male'), ('ಖುಷಿ', 'hindu', 'female'), ('ಅಮ್ಮ', 'hindu', 'female'), ('ಪೂಜೆ', 'hindu', 'female'), ('ಮಾಧುವೆ', 'hindu', 'female'), ('ಭಕ್ತಿಯಿಂದ', 'hindu', 'male'), ('ಪ್ರೀತಿಯಿಂದ', 'hindu', 'female'), ('ದಿಶಾ', 'hindu', 'female'), ('ಪಾಯಸ', 'hindu', 'male'), ('ಪಾರು', 'hindu', 'female'), ('ಪ್ರೀತು', 'hindu', 'male'), ('ಗುರುಗಳೇ', 'hindu', 'male'), ('ಭಗವಂತ', 'hindu', 'male'), ('ರಘು', 'hindu', 'male'), ('ಆದಿ ಅಮ್ಮ', 'hindu', 'female'), ('ಸರಿಯಾಗಿ', 'hindu', 'male'), ('ಅಖಿಲ', 'hindu', 'male'), ('ಹನುಮಂತ', 'hindu', 'male'), ('ಥ್ಯಾಂಕ್ಸ್', 'hindu', 'male'), ('ನಿಷ್ಠೆಯಿಂದ', 'hindu', 'male'), ('ಸಾವಿತ್ರಮ್ಮ', 'hindu', 'female'), ('ಬೊಗಳೆ', 'hindu', 'male'), ('ಅಕ್ಕ', 'hindu', 'female'), ('ಮುತ್ತೈದೆಯಾಗಿ', 'hindu', 'female'), ('ರಾಘು', 'hindu', 'male'), ('ಗಣಿ', 'hindu', 'male')]",1555,848,1069,741
kn,ETutUeCReFg,None,None,None,"[('ಸ್ವಾಮಿಗಳು', 'hindu', 'male'), ('ಮೋಲಿನಿ', 'hindu', 'female'), ('ಆದಿಶೇಷ', 'hindu', 'male'), ('ನಾಗಮಣಿ', 'hindu', 'female'), ('ತ್ರಿಶೂಲ್', 'hindu', 'male'), ('ಶಿವಾನಿ', 'hindu', 'female'), ('ಭೋಲೇನಾಥ್', 'hindu', 'male'), ('ಶಿವ', 'hindu', 'male')]",1070,584,665,494
kn,Eg1M1C8tGQM,None,None,None,"[('ಅವ್ವಾ', 'hindu', 'female'), ('ಹರೀಶ್', 'hindu', 'male'), ('ಮಂಗಾ', 'hindu', 'male'), ('ಸರಳ', 'hindu', 'female'), ('ನಂದಯ್ಯ', 'hindu', 'male'), ('ಸ್ನೇಹ', 'hindu', 'female'), ('ಪೂರ್ವಿ', 'hindu', 'female'), ('ಅಣ್ಣವ್ವ', 'hindu', 'female'), ('ಅತ್ತೆ', 'hindu', 'female'), ('ಮಾವ', 'hindu', 'male'), ('ಕಂತಿ', 'hindu', 'female'), ('ರಾಜಿ', 'hindu', 'female'), ('ಬಾವ್ವ', 'hindu', 'female')]",1325,792,880,684
kn,FXuel7aEXbA,None,None,None,"[('ಭನುಶನಿ', 'hindu', 'male'), ('ದಶಾನನ', 'hindu', 'male'), ('ರಾಮ ಶನಿ', 'hindu', 'male'), ('ಮವರ್ ಶನಿ', 'hindu', 'male'), ('ರಾವಣ', 'hindu', 'male'), ('ಕುಜದೋಷ', 'hindu', 'male'), ('ಸೂರ್ಯಪುತ್ರಿಯಮಿ', 'hindu', 'female'), ('ಪಿತಾಶ್ರೀ', 'hindu', 'male'), ('ಮಂಗಳ', 'hindu', 'male'), ('ದಾಮಿನಿ', 'hindu', 'female'), ('ಮಹಾದೇವ', 'hindu', 'male'), ('ಭವ್ಯ ಶನಿ', 'hindu', 'male'), ('ವೇದಾಂತ', 'hindu', 'male'), ('ಯಮಿನಿ', 'hindu', 'female'), ('ಶನಿ', 'hindu', 'male'), ('ಧಾಮಿನಿ', 'hindu', 'female')]",1153,612,744,538
kn,FfLLffsg7Vw,None,None,None,"[('ಸುಮತಿ', 'hindu', 'female'), ('ಅಮ್ಮ', 'hindu', 'female'), ('ಮಹಾಬಲ್ಲಣ್ಣ', 'hindu', 'male'), ('ರಾಕೇಶ್', 'hindu', 'male'), ('ಚೇರ್ಮನ್', 'hindu', 'male'), ('ಗೀತಾ', 'hindu', 'female'), ('ಸೋನಾಲಿ', 'hindu', 'female'), ('ಲಕ್ಕಿ', 'hindu', 'male'), ('ಪ್ರಣತಿ', 'hindu', 'female')]",1864,1064,1334,934
kn,GN0O0RJ4QK8,None,None,None,"[('ಮ', 'hindu', 'male'), ('ಅ', 'hindu', 'male')]",10,3,0,0
kn,GWMG1cHlEOM,None,None,None,"[('ಅಮ್ಮ', 'hindu', 'female'), ('ಪಾರ್ವತಿ', 'hindu', 'female'), ('ಮಮ್ಮಿ', 'hindu', 'female'), ('ರಘು', 'hindu', 'male'), ('ಜನನಿ', 'hindu', 'female'), ('ಆದಿ', 'hindu', 'male'), ('ಬ್ರೋ', 'hindu', 'male'), ('ಹಜ್ಮಾನ್ರೆ', 'hindu', 'male'), ('ಅಪ್ಪ', 'hindu', 'male'), ('ಅಖಿಲ', 'hindu', 'male'), ('ಯಜಮಾನ್ರೆ', 'hindu', 'male')]",1461,764,956,660
kn,GZwW3xU1iaY,None,None,None,"[('ಅವ್ವ', 'hindu', 'female'), ('ಅತ್ತಿಗೆ', 'hindu', 'female'), ('ಸ್ನೇಹ', 'hindu', 'female'), ('ಪೂರ್ವಿ', 'hindu', 'female'), ('ಮಿಥುನ', 'hindu', 'male'), ('ಕಂಟಿ', 'hindu', 'male'), ('ಶಾನ್', 'hindu', 'male'), ('ಪುಟ್ಟಕ್ಕ', 'hindu', 'female'), ('ಓಣಿ', 'hindu', 'male'), ('ಬಸವ', 'hindu', 'male')]",1496,865,1042,757
kn,H472YZC3Kng,None,None,None,"[('ಶಾಸ್ತ್ರಿ', 'hindu', 'male'), ('ನಾಗರಾಜ', 'hindu', 'male'), ('ಪಣಂದರೆ', 'hindu', 'male'), ('ಭೈರವ ಬಾಬ', 'hindu', 'male'), ('ಅಮೃತ', 'hindu', 'male'), ('ಊರ್ಮಿಳ', 'hindu', 'female')]",1314,645,823,565
kn,HCBLVl7lFvg,None,None,None,"[('ಅಡಿಮಯ್ಯ', 'hindu', 'male'), ('ಚಿಕ್ಜಮಲ', 'hindu', 'male'), ('ಗುರುಗಳು', 'hindu', 'male'), ('ಬಾಬಾಜಿ', 'hindu', 'male'), ('ರಾಣಿ', 'hindu', 'female'), ('ಯಜಮಾನರು', 'hindu', 'male'), ('ಮಹಾರಾಣಿ', 'hindu', 'female'), ('ಶಿವಾನಿ', 'hindu', 'female'), ('ತಿಶೂಲ್', 'hindu', 'male')]",1809,1002,1271,875
kn,HVyG5yDMmp0,None,None,ಬುದ್ಧಿ,"[('ನೀರನಳ್ಳಿ ಅರುಣ ಕುಮಾರ', 'hindu', 'male'), ('ರಾಮರಾವರ ಆಶ್ರಮ', 'hindu', 'male'), ('ವರ್ಮ ಸರ್', 'hindu', 'male'), ('ಚೇತನ್', 'hindu', 'male'), ('ರಾಕಿ', 'hindu', 'male'), ('ಸೌಮ್ಯ', 'hindu', 'female'), ('ಜೋತಿ', 'hindu', 'female'), ('ಅಜ್ಜಿ', 'hindu', 'female'), ('ಮಕ್ಕಳು', 'hindu', 'male')]",1410,755,964,665
kn,HbXm-8wEejk,None,ದರಿದ್ರ,None,"[('ಕೊಡುವುದು', 'hindu', 'male'), ('ಹೋಗುವುದು', 'hindu', 'male'), ('ದಿವ್ಯ', 'hindu', 'female'), ('ಬರ್ತಡೇ', 'hindu', 'male'), ('ಗಿಫ್ಟ್', 'hindu', 'female'), ('ಖುಷಿಪಡುವುದು', 'hindu', 'male'), ('ಅಕ್ಕ', 'hindu', 'female'), ('ಯೋಚಿಸುವುದು', 'hindu', 'male'), ('ಸಂತೋಷಪಡುವುದು', 'hindu', 'male'), ('ಗಂಡ', 'hindu', 'male'), ('ಫೋನ್', 'hindu', 'male'), ('ಕಾಳಜಿ ವಹಿಸುವುದು', 'hindu', 'female'), ('ಪ್ರೀತಿಸುವುದು', 'hindu', 'male'), ('ಬರುವ', 'hindu', 'male'), ('ಮಲಗುವುದು', 'hindu', 'male'), ('ಸತ್ಯ', 'hindu', 'male'), ('ಒಂದೇ ಜೀವ ಎರಡು ದೇಹ', 'hindu', 'male'), ('ತಿಳಿಯುವುದು', 'hindu', 'male'), ('ಏಳುವುದು', 'hindu', 'male'), ('ದುಃಖಪಡುವುದು', 'hindu', 'male'), ('ಮಾತನಾಡುವುದು', 'hindu', 'male'), ('ಗಾಬರಿಪಡುವುದು', 'hindu', 'male'), ('ಅಮ್ಮ', 'hindu', 'female'), ('ಮನೆ', 'hindu', 'male'), ('ದೂರವಿರುವ', 'hindu', 'male')]",1567,814,1053,701
kn,HtM1wqE9Ahg,None,None,None,"[('ಮಹೇಶಣ್ಣ', 'hindu', 'male'), ('ಪುಷ್ಪ', 'hindu', 'female'), ('ರಾಜನಂದಿನಿ', 'hindu', 'female'), ('ಆರ್ಯ', 'hindu', 'male'), ('ಕಾವ್ಯ', 'hindu', 'female'), ('ಸುಬ್ಬಣ್ಣ', 'hindu', 'male'), ('ಯಜಮಾನರು', 'hindu', 'male'), ('ರಘುಪತಿ', 'hindu', 'male'), ('ವಸಂತ್', 'hindu', 'male'), ('ಅನು', 'hindu', 'female')]",1587,882,1060,752
kn,HwbhnTOR758,None,None,ಬುದ್ಧಿ,"[('ನೀಲಾಂಬರಿ', 'hindu', 'female'), ('ಅಶೋಕ', 'hindu', 'male'), ('ಹರಣಿ', 'hindu', 'female'), ('ಬೈರ ಅಮ್ಮ', 'hindu', 'female'), ('ಮಮತಾ', 'hindu', 'female'), ('ನಂಜುಂಡ', 'hindu', 'male'), ('ಮುತ್ತುರಾಜ್', 'hindu', 'male'), ('ಬೆಳ್ಳಿ', 'hindu', 'female')]",1561,827,1129,734
kn,IHyk5L1h66U,None,None,None,"[('ಐಶು', 'hindu', 'female'), ('ಶರ್ಮಿಲ', 'hindu', 'female'), ('ಅಮ್ಮ', 'hindu', 'female'), ('ಕಾವ್ಯ', 'hindu', 'female'), ('ಮುತ್ತು', 'hindu', 'male'), ('ಬೆಳ್ಳಿ', 'hindu', 'female'), ('ಡಾಕ್ಟರ್', 'hindu', 'male'), ('ಕಣಕಟ ಸ್ವಾಮೀಜಿ', 'hindu', 'male'), ('ಅಣ್ಣ', 'hindu', 'male'), ('ಷಣ್ಮುಗ', 'hindu', 'male')]",2172,1089,1601,989
kn,IOtjeDfkvy8,None,None,None,"[('ಸನ್ನಿಧಿ', 'hindu', 'female'), ('ಅಗ್ನಿಸಾಕ್ಷಿ', 'hindu', 'male'), ('ಆಯುಷಿ', 'hindu', 'female'), ('ಹಶಿವ', 'hindu', 'male'), ('ಮಾಯ', 'hindu', 'female'), ('ಅಂಜಲಿ', 'hindu', 'female'), ('ಗೌತಮ್', 'hindu', 'male')]",867,508,620,432
kn,IRqR59eU9wg,None,None,None,"[('ಅವ್ವ', 'hindu', 'female'), ('ಮುತಕಪ್ಪ', 'hindu', 'male'), ('ಪಲ್ಲವಿ', 'hindu', 'female'), ('ಅಣ್ಣಯ್ಯ', 'hindu', 'male'), ('ಕಾವ್ಯ', 'hindu', 'female'), ('ಶ್ರೀ', 'hindu', 'male'), ('ಮಿಸ್ಸು', 'hindu', 'female'), ('ಚಂದ್ರು', 'hindu', 'male'), ('ಅಜ್ಜ', 'hindu', 'male'), ('ಸುಮಾ', 'hindu', 'female')]",1338,806,923,702
kn,IZpv9bXmyJc,None,None,None,"[('ಆರ್ಯ', 'hindu', 'male'), ('ಸಂಪತ್', 'hindu', 'male'), ('ಪಪ್ಪ', 'hindu', 'male'), ('ಅತ್ತಿಗೆ', 'hindu', 'female'), ('ದಾದಾ', 'hindu', 'male'), ('ರಮ್ಯ', 'hindu', 'female'), ('ಮೇಡಾ', 'hindu', 'female'), ('ಮಂದಾಕ', 'hindu', 'male'), ('ಅನು', 'hindu', 'female'), ('ಶಶಿ', 'hindu', 'male')]",1317,723,872,601
kn,J-u-Tea-Gpo,None,None,None,"[('ರಿಲೇಟಿವ್ಸ್ ಫ್ರೆಂಡ್ಸ್', 'hindu', 'male'), ('ವಿಷ್ಣು', 'hindu', 'male'), ('ಪಾಂಡವಶಂಕರ', 'hindu', 'male'), ('ಕನಗಾರ', 'hindu', 'male'), ('ಪರಶಿವನನ್ನ ಆರಾಧಿಸಿ', 'hindu', 'male'), ('ಅಣ್ಣ ತಮ್ಮ', 'hindu', 'male'), ('ಹಾಗೂ ಅಲ್ಲ ಹೀಗೂ ಅಲ್ಲ', 'hindu', 'male'), ('ಇಚ್ಚಾದಾರಿ', 'hindu', 'male'), ('ಮನ್ನಿಗ', 'hindu', 'male'), ('ಕುಲದ ರಕ್ಷಣೆ', 'hindu', 'male'), ('ಜಂತರೇಶ್ವರ', 'hindu', 'male'), ('ರಿಸೆಪ್ಷನ್', 'hindu', 'male'), ('ನಿಖಿಲೇಶ್ವರ', 'hindu', 'male'), ('ಕಲ್ಯಾಣ', 'hindu', 'male'), ('ಜಾತ್ರೆ', 'hindu', 'male'), ('ಶೀವೇಶ್ವರೇಶ್ವರ', 'hindu', 'male'), ('ಗಂಟಲು ಒಣಗಿ ಹೋಯ್ತಾ', 'hindu', 'male'), ('ತತೃಶರ ಮರಣ', 'hindu', 'male'), ('ತಕ್ಷಕ ವಂಶ', 'hindu', 'male'), ('ತಾಳಿ', 'hindu', 'female'), ('ಶಾಸ್ತ್ರಿಗಳು', 'hindu', 'male'), ('ತಕ್ಷಕ', 'hindu', 'male'), ('ಧರ್ಮ', 'hindu', 'male'), ('ಮದುವೆ', 'hindu', 'male'), ('ನಾಗಮಣಿ', 'hindu', 'female'), ('ಊರ್ಮಿಳಾ', 'hindu', 'female'), ('ಮುಹೂರ್ತ', 'hindu', 'male'), ('ಮೋಸ', 'hindu', 'male'), ('ಸುಮನಾಗೋದೆ', 'hindu', 'female'), ('ರುದ್ರ', 'hindu', 'male'), ('ದಕ್ಷಕ ವಂಶ', 'hindu', 'male'), ('ಮಂತ್ರ', 'hindu', 'male'), ('ಗೆದ್ದಿದ್ದೀನಿ', 'hindu', 'male'), ('ಸಂಚು', 'hindu', 'male'), ('ಪ್ರಕಟ ಶುಭಂಕರ', 'hindu', 'male'), ('ಕುಣೋ', 'hindu', 'male'), ('ಮಂತ್ರೇಶ್ವರ', 'hindu', 'male'), ('ಪ್ರಳಯ ಭಯಂಕರ', 'hindu', 'male'), ('ವರ', 'hindu', 'male'), ('ವಾಸುಕಿ', 'hindu', 'male'), ('ಸೇಡು', 'hindu', 'male'), ('ಅರ್ಜುನ', 'hindu', 'male'), ('ಆತಿಶೇಷ', 'hindu', 'male'), ('ಪರಶಿವ', 'hindu', 'male'), ('ಕಾಮಸುಕ್ತಿ', 'hindu', 'male'), ('ಅತ್ತಿಗೆ', 'hindu', 'female'), ('ಭದ್ರ', 'hindu', 'male'), ('ಪರಮಾತ್ಮ', 'hindu', 'male'), ('ಟೈಮ್ ಸೆನ್ಸ್', 'hindu', 'male'), ('ಅತ್ತಮ್ಮ', 'hindu', 'female'), ('ಭಯಂಕರ', 'hindu', 'male'), ('ಕಾಗೆ', 'hindu', 'male'), ('ದಿಗಿರಾಗ', 'hindu', 'male')]",1020,580,679,504
kn,J4oE_6_4_qs,None,None,None,"[('ಅರ್ಜುನ್', 'hindu', 'male'), ('ಮಣಿ', 'hindu', 'male'), ('ಅತ್ತೆ', 'hindu', 'female'), ('ತಾಯಿ', 'hindu', 'female'), ('ಶಾಸ್ತ್ರಿಗಳು', 'hindu', 'male'), ('ಬಾಪ', 'hindu', 'male'), ('ಅಜ್ಜಿ', 'hindu', 'female'), ('ಅಮೃತ', 'hindu', 'male'), ('ಅಣ್ಣ', 'hindu', 'male')]",1209,631,785,548
kn,JtCXFj3KC_M,None,None,ಒಬಿಸಿ,"[('ಆದಿತ್ಯ', 'hindu', 'male'), ('ಅತ್ತಿಗೆ', 'hindu', 'female'), ('ಪಾರ್ವತಿ', 'hindu', 'female'), ('ಮೌನಿಕಾ', 'hindu', 'female'), ('ಜನನಿ', 'hindu', 'female'), ('ಚರಣ್ಯ', 'hindu', 'female'), ('ಅಖಿಲಮ್ಮ', 'hindu', 'female'), ('ಅರುಂಧತಿ', 'hindu', 'female'), ('ಸಾವಿತ್ರಿ', 'hindu', 'female'), ('ಪ್ರೀತು', 'hindu', 'male')]",1058,635,717,550
kn,K_iI7U5ie4s,None,None,None,"[('ಪೂರ್ಣಿಮ', 'hindu', 'female'), ('ಸಹನ', 'hindu', 'female'), ('ರಾಕಿ', 'hindu', 'male'), ('ಜ್ಯೋತಿ', 'hindu', 'female'), ('ಬಬ್ಬಿ', 'hindu', 'male'), ('ಅಂಕಲ್', 'hindu', 'male'), ('ಕರುಣ', 'hindu', 'male'), ('ಚೇತನ', 'hindu', 'male'), ('ಮಕ್ಕಳು', 'hindu', 'male'), ('ಅರುಳ', 'hindu', 'male')]",1436,724,957,626
kn,KjdFg8rp-BM,None,None,None,"[('ಸಾಹೇಬ್', 'hindu', 'male'), ('ರಾಘವೇಂದ್ರ', 'hindu', 'male'), ('ಸಹರ', 'hindu', 'male'), ('ಅಮ್ಮ', 'hindu', 'female'), ('ಪಾಪಿ', 'hindu', 'male'), ('ಮಧು', 'hindu', 'male'), ('ತೋರ್ಸಿ', 'hindu', 'male'), ('ವಸು', 'hindu', 'male'), ('ರಾಕ್ಷಸ', 'hindu', 'male'), ('ಪುಟ್ಟಗೌರಿ', 'hindu', 'female')]",298,222,221,188
kn,Ksi3BaDlxmQ,None,None,ಬುದ್ಧಿ,"[('ವೀರಯ್ಯ ದೇವ', 'hindu', 'male'), ('ಆದಿತ್ಯ', 'hindu', 'male'), ('ಅಮ್ಮ', 'hindu', 'female'), ('ಪಾರ್ವತಿ', 'hindu', 'female'), ('ಗುರುಗಳು', 'hindu', 'male'), ('ನೀರಣ್ಣ', 'hindu', 'male'), ('ದೇವರೇ', 'hindu', 'male'), ('ಅಖಿಲಾಂಡೇಶ್ವರಿ', 'hindu', 'female'), ('ಯಮಿನಿ', 'hindu', 'female')]",1137,640,772,564
kn,L2rM2B1rYUU,None,None,None,"[('ಅವ್ವಾ', 'hindu', 'female'), ('ಮೇಡಂ', 'hindu', 'female'), ('ಅವರು', 'hindu', 'male'), ('ಅಮ್ಮ', 'hindu', 'female'), ('ಬಾಸ್', 'hindu', 'male'), ('ನೀನು', 'hindu', 'male'), ('ನಾನು', 'hindu', 'male'), ('ವಿಶ್ವರೂಪ', 'hindu', 'male'), ('ವಿಷಾಕ', 'hindu', 'male'), ('ಅಜ್ಜಿ', 'hindu', 'female'), ('ಲೀಲಾ', 'hindu', 'female'), ('ಅಕ್ಕ', 'hindu', 'female')]",1589,865,1126,761
kn,LIlcPKwOKPU,None,None,None, ,902,549,637,466
kn,LR0U55ngsnI,None,None,ಬುದ್ಧಿ,"[('ಐಶು', 'hindu', 'female'), ('ಅರುಣ್ ಕುಮಾರ್', 'hindu', 'male'), ('ಸಹನಾ', 'hindu', 'female'), ('ನೀರನಳ್ಳಿ', 'hindu', 'female'), ('ಪೂರ್ಣಮ್ಮ', 'hindu', 'female'), ('ಲಕ್ಷ್ಮಿ', 'hindu', 'female'), ('ಚೇತನ್', 'hindu', 'male'), ('ಸೌಮ್ಯ', 'hindu', 'female'), ('ಜ್ಯೋತಿ', 'hindu', 'female'), ('ಮೂರ್ತಿ', 'hindu', 'male'), ('ಸತೀಶ', 'hindu', 'male'), ('ರಮಾ', 'hindu', 'female')]",1532,797,1035,686
kn,LlcdJsou6FQ,None,None,None,"[('ಬರಿವಾಳು', 'hindu', 'male'), ('ದಿವ್ಯ', 'hindu', 'female'), ('ಸತ್ಯ', 'hindu', 'male'), ('ಗುರು', 'hindu', 'male'), ('ಬಾಲ', 'hindu', 'male'), ('ವಾಳು', 'hindu', 'male')]",1026,608,712,519
kn,LxJ8rnykPBs,None,None,ಬುದ್ಧಿ,"[('ಧ್ರುವ', 'hindu', 'male'), ('ತಂಗಿ', 'hindu', 'female'), ('ಅಪ್ಪಾ', 'hindu', 'male'), ('ಅದಿತಿ', 'hindu', 'female'), ('ಹೇ', 'hindu', 'male'), ('ಬಾವ', 'hindu', 'male'), ('ತಂದೆ', 'hindu', 'male'), ('ಲೇ', 'hindu', 'female'), ('ಸಾರ್', 'hindu', 'male'), ('ಪಪ', 'hindu', 'male'), ('ವೇದಾಂತ', 'hindu', 'male'), ('ಸರ್', 'hindu', 'male'), ('ಅಣ್ಣ', 'hindu', 'male'), ('ಚಿಕ್ಕಮ್ಮ', 'hindu', 'female'), ('ಅಮ್ಮ', 'hindu', 'female'), ('ಒಬ್ಬರು', 'hindu', 'male'), ('ತಾಯಿ', 'hindu', 'female'), ('ಚಿಕ್ಕಪ್ಪ', 'hindu', 'male'), ('ಯಾರೋ', 'hindu', 'male'), ('ವಿಧಾನ್', 'hindu', 'male')]",1578,919,1161,806
kn,M1BXAsbVQYM,None,None,None,"[('ನಂದಿನಿ', 'hindu', 'female'), ('ಅಮ್ಮ', 'hindu', 'female'), ('ಸುಭಾಷ್', 'hindu', 'male'), ('ಬೇತಾಳ', 'hindu', 'male'), ('ಚೈತನ್ಯ', 'hindu', 'male'), ('ಕಣಯ್ಯ', 'hindu', 'male'), ('ಬೇದಾಪಟಸ್', 'hindu', 'male'), ('ಶಾರು', 'hindu', 'female'), ('ಅಪ್ಪ', 'hindu', 'male'), ('ಗುಜ್ಜ', 'hindu', 'male'), ('ಪಪಪ', 'hindu', 'male'), ('ಕಣೋಶ', 'hindu', 'male')]",1024,602,682,520
kn,MEGEWlywZTY,None,None,ಬುದ್ಧಿ,"[('ದತ್ತ', 'hindu', 'male'), ('ಪಿಂಕಿ', 'hindu', 'female'), ('ಶಮತಿ', 'hindu', 'female'), ('ಲಕ್ಕಿ', 'hindu', 'male'), ('ಜಲ್ಜಾ', 'hindu', 'female'), ('ಮಹಾಬಲೆ', 'hindu', 'female'), ('ಹರಿ', 'hindu', 'male'), ('ರೇವತಿ', 'hindu', 'female'), ('ಗೀತೆ', 'hindu', 'female')]",1621,972,1082,838
kn,MKzb1ZdkD8w,None,None,None,"[('ಚಂದರು', 'hindu', 'male'), ('ಮಂಚಳ', 'hindu', 'female'), ('ಮಂಜುಳ', 'hindu', 'female'), ('ಲಕಳ', 'hindu', 'female'), ('ಅಜ್ಜಿ', 'hindu', 'female'), ('ರೇವತಿ', 'hindu', 'female'), ('ಕಿಶೋರ್', 'hindu', 'male'), ('ಲೀಲಾ', 'hindu', 'female'), ('ಅಕ್ಕ', 'hindu', 'female'), ('ರಾಮ್', 'hindu', 'male'), ('ಕೌಸಲ್ಯ', 'hindu', 'female')]",1074,598,695,515
kn,MSAWK2eAgt0,None,None,None,"[('ಗುರುಗಳು', 'hindu', 'male'), ('ಡೇ', 'hindu', 'male'), ('ಭೂಪತಿ', 'hindu', 'male'), ('ಮಾರೇ', 'hindu', 'male'), ('ತ್ರಿಶೂಲ', 'hindu', 'male'), ('ಶ್ರೀ ಮುನೇಶ್ವರ', 'hindu', 'male'), ('ಭಗವಂತ', 'hindu', 'male'), ('ರಂಗಸ್ವಾಮಿ ದೇವಸ್ಥಾನ', 'hindu', 'male'), ('ನಾವು', 'hindu', 'male'), ('ಶಿವಾನಿ', 'hindu', 'female'), ('ಶುಭಾನಿ', 'hindu', 'female')]",1588,916,1098,804
kn,N7EylvcApcQ,None,None,None,"[('ಹನುಮಂತು', 'hindu', 'male'), ('ಆದಿತ್ಯ', 'hindu', 'male'), ('ಅಮ್ಮ', 'hindu', 'female'), ('ಪಾರ್ವತಿ', 'hindu', 'female'), ('ಪ್ರೀತಮ್', 'hindu', 'male'), ('ಸಾವಿತ್ರಮ್ಮ', 'hindu', 'female'), ('ಅಪ್ಪ', 'hindu', 'male'), ('ದಿಶಾ', 'hindu', 'female'), ('ಚನ್ನಪ್ಪ', 'hindu', 'male'), ('ಗಣಿನ', 'hindu', 'male'), ('ಚಿಕ್ಕ ಯಜಮಾನರೆ', 'hindu', 'male'), ('ಸಂಗರಣ್ಣ', 'hindu', 'male')]",1116,677,789,574
kn,NG2BvaBZV4Q,None,ಬಜಾರಿ,ಬುದ್ಧಿ,"[('ದಿವ್ಯ', 'hindu', 'female'), ('ಸತ್ಯ', 'hindu', 'male'), ('ಮಗ', 'hindu', 'male'), ('ಮನೆ', 'hindu', 'male'), ('ಕೆಲಸ', 'hindu', 'male'), ('ಕಾರ್ತಿಕ್', 'hindu', 'male'), ('ಅಪ್ಪ', 'hindu', 'male'), ('ಗ್ಯಾರೇಜ್', 'hindu', 'male'), ('ಅಮೂಲ್', 'hindu', 'male'), ('ಅಕ್ಕ', 'hindu', 'female'), ('ಬಾಲ', 'hindu', 'male')]",1556,849,1037,734
kn,NZ_YDAX1CrY,None,None,ಬುದ್ಧಿ, ,1876,1069,1337,932
kn,NtNgU5rZkcI,None,ಮಾತಾಡಿ</s>,ಬುದ್ಧಿ,"[(""ಸುಮತಿ  Rathi's mother"", 'hindu', 'female'), (""ರಾಕೇಶ್  Sumitra's husband"", 'hindu', 'male'), ('ಅನುರಾಧ  mother of Sumitra', 'hindu', 'female'), (""ಪ್ರಣತಿ  Rathi's husband"", 'hindu', 'male'), ('ಪುನರ್ವಸು  father of Rathi', 'hindu', 'male'), (""ಜಲ್ಜಕ್ಕ  Rathi's sister"", 'hindu', 'female'), ('ಮಹಾಬಲ  father of Sumitra', 'hindu', 'male'), ('ರೇವತಿ  mother of Rathi', 'hindu', 'female'), (""ಮಂಗಳಿ  Sumitra's sister"", 'hindu', 'female'), (""ಗೀತ  Rathi's friend"", 'hindu', 'female'), (""ದತ್ತ  Rathi's father"", 'hindu', 'male')]",2407,1246,1862,1120
kn,OayWLzwTKug,None,ತಿಲಕ,None,"[('ಅಮ್ಮು', 'hindu', 'female'), ('ದ್ರುವ', 'hindu', 'male'), ('ಅಂಜು', 'hindu', 'female'), ('ರಾಜಣ್ಣ', 'hindu', 'male'), ('ವಿಕ್ಕಿ', 'hindu', 'male'), ('ಅದಿತಿ', 'hindu', 'female'), ('ವೇದಾಂತ', 'hindu', 'male'), ('ಅಕ್ಕ', 'hindu', 'female'), ('ತಿಲಕ', 'hindu', 'male'), ('ಪರಿ', 'hindu', 'female'), ('ಸುಹಾಸಿನಿ', 'hindu', 'female')]",1739,990,1302,866
kn,OgDUBkxy0iE,None,None,None,"[('ಮಿರಾಜಿ', 'hindu', 'male'), ('ವಾಸು', 'hindu', 'male'), ('ಅಮ್ಮ', 'hindu', 'female'), ('ಜಂಡಿ', 'hindu', 'male'), ('ಚೆಂಡೆ', 'hindu', 'male'), ('ಅಪ್ಪ', 'hindu', 'male'), ('ಅನು', 'hindu', 'female'), ('ಸರ್', 'hindu', 'male'), ('ಅಣ್ಣ', 'hindu', 'male')]",1160,617,742,522
kn,On3d_t-uhnU,None,None,None,"[('ಗ್ರಹಣ', 'hindu', 'male'), ('ನರಕ', 'hindu', 'male'), ('ಪ್ರತಿಷ್ಠೆ', 'hindu', 'female'), ('ಶಿವ', 'hindu', 'male'), ('ಉರ್ಮಿಳಾ', 'hindu', 'female'), ('ಯಾಮಿನಿ', 'hindu', 'female'), ('ಬಲಿ', 'hindu', 'male'), ('ಲೋಕ', 'hindu', 'male'), ('ತಕ್ಷಕ', 'hindu', 'male'), ('ನಾಗಮಣಿ', 'hindu', 'female'), ('ಲೌಕಿಕ ಜಗತ್ತು', 'hindu', 'male'), ('ಭೈರವ', 'hindu', 'male'), ('ಶಕ್ತಿ', 'hindu', 'male'), ('ಐಶರಾಮಿ ಜೀವನ', 'hindu', 'male'), ('ಅಮೃತ', 'hindu', 'male'), ('ವಾಸುಕಿ', 'hindu', 'male'), ('ಉಳಿಸಕೊಳ್ಳು', 'hindu', 'male'), ('ಅರ್ಜುನ', 'hindu', 'male'), ('ಸ್ವತ್ತು', 'hindu', 'male'), ('ಪರಶಿವ', 'hindu', 'male'), ('ಆಶೆ', 'hindu', 'female'), ('ಇಚ್ಛೆ', 'hindu', 'female'), ('ಶಾಪ', 'hindu', 'male'), ('ಬಾಳಬೇಕು', 'hindu', 'male'), ('ವಂಶ', 'hindu', 'male')]",1374,734,915,647
kn,OycFBV7qVxg,None,None,None,"[('ನಾಗಲು ಸದ ಮಹಾರಾಜ', 'hindu', 'male'), ('ಆದಿಶೇಷ', 'hindu', 'male'), ('ಶಿವಾನಿ', 'hindu', 'female'), ('ತ್ರಿಶೂರ್', 'hindu', 'male')]",1549,814,1012,697
kn,PHi74pX-vWw,None,None,ಬುದ್ಧಿ,"[('ಚಿಕ್ಕಮ್ಮ', 'hindu', 'female'), ('ಮಮ್ಮಿ', 'hindu', 'female'), ('ಅತ್ತೆ', 'hindu', 'female'), ('ಡ್ಯಾಡಿ', 'hindu', 'male'), ('ಆಂಟಿ', 'hindu', 'female'), ('ಮಾವ', 'hindu', 'male'), ('ವಸು', 'hindu', 'male'), ('ಪಾವನಿ', 'hindu', 'female'), ('ಅಭಿ', 'hindu', 'male'), ('ಹಾರಿಕ', 'hindu', 'male')]",1189,686,829,591
kn,PrfphKfynMk,None,None,ಬುದ್ಧಿ,"[('ಕೆಂಪ', 'hindu', 'male'), ('ವಿಯೋಗಿನಿ ಬಾಬಾ', 'hindu', 'male'), ('ಬಲಿ', 'hindu', 'male'), ('ಮನಿಕಾ', 'hindu', 'female'), ('ಶಂಕರ', 'hindu', 'male'), ('ಅಣ್ಣ', 'hindu', 'male'), ('ಕಮಲಿ', 'hindu', 'female'), ('ಮಂಗಳಮ್ಮ', 'hindu', 'female'), ('ತಾತ', 'hindu', 'male'), ('ಶಂಭೋ', 'hindu', 'male'), ('ಅನಿಕಾ', 'hindu', 'female')]",1069,632,697,546
kn,Pvzxoeb11JA,None,None,ಬುದ್ಧಿ,"[('ಅಮ್ಮ', 'hindu', 'female'), ('ಪಾರ್ವತಿ', 'hindu', 'female'), ('ಮಗ', 'hindu', 'male'), ('ಬಾವ', 'hindu', 'male'), ('ಪ್ರಕೃತಿ', 'hindu', 'female'), ('ಜನನಿ', 'hindu', 'female'), ('ರಮಕಾಂತ ಅಂಕಲ್', 'hindu', 'male'), ('ರಾಘು', 'hindu', 'male'), ('ಮೈತ್ರಿ', 'hindu', 'female'), ('ಅನುಷ್ಕ', 'hindu', 'female')]",1520,715,978,623
kn,QT6bcjUSzZo,None,None,None,"[('ಆದಿತ್ಯ  Aditya', 'hindu', 'male'), ('ಅನನ್ಯ  Anannya', 'hindu', 'female'), ('ಪಾರ್ವತಿ  Parvati', 'hindu', 'female'), ('ಗುರುಗಳು  Gurus', 'hindu', 'male'), ('ಮಹಾಮಂಗಳಾರ್ತಿ  Mahamangalarati', 'hindu', 'female'), ('ಪ್ರಿತು  Prithu', 'hindu', 'male'), ('ಯಜಮಾನರು  Owners', 'hindu', 'male'), ('ಅಖಿಲ  Akhil', 'hindu', 'male'), ('ರಘು  Raghu', 'hindu', 'male')]",1538,815,1039,702
kn,QsYWBrZkN-Q,None,None,None, ,1415,691,910,614
kn,RLIa03cjgBU,None,None,ಬುದ್ಧಿ,"[('ಹೆಂಡ್ತಿ', 'hindu', 'female'), ('ಅಮ್ಮ', 'hindu', 'female'), ('ಅತ್ತೆ', 'hindu', 'female'), ('ಬಾವ', 'hindu', 'male'), ('ಮಗ', 'hindu', 'male'), ('ಗಂಡ', 'hindu', 'male'), ('ಮೋಸ್ಲಿ', 'hindu', 'male'), ('ಮಾವ', 'hindu', 'male'), ('ಅಜ್ಜಿ', 'hindu', 'female'), ('ದುರ್ಗಾ', 'hindu', 'female'), ('ಅಪ್ಪ', 'hindu', 'male'), ('ಮಗಳು', 'hindu', 'female'), ('ಕಿಶೋರ್', 'hindu', 'male'), ('ಲೀಲಾ', 'hindu', 'female'), ('ರಾಮ್', 'hindu', 'male'), ('ಕೌಸಲ್ಯ', 'hindu', 'female')]",1699,959,1180,822
kn,RO8c3fXN_pc,None,None,None,"[('ಕನ್ನಡ', 'hindu', 'male')]",1344,759,903,647
kn,RangK-0KpAk,None,None,None,"[('ಮಗಳ', 'hindu', 'female'), ('ಆರ್ಯ', 'hindu', 'male'), ('ಅಮ್ಮ', 'hindu', 'female'), ('ರಾಜನಂದಿನಿ', 'hindu', 'female'), ('ಶುಭಕರ', 'hindu', 'male'), ('ವಟಾರ', 'hindu', 'male'), ('ಮಗ', 'hindu', 'male'), ('ಸುಬ್ಬಣ್ಣ', 'hindu', 'male'), ('ಸುಪ್ನ', 'hindu', 'female'), ('ಮನೆ', 'hindu', 'male'), ('ಗೌರಿ', 'hindu', 'female'), ('ಯಜಮಾನರೆ', 'hindu', 'male'), ('ಸಿರುಮನೆ', 'hindu', 'male'), ('ಅಪ್ಪ', 'hindu', 'male'), ('ಹರ್ಷ', 'hindu', 'male'), ('ಕುಂಡಿ', 'hindu', 'male')]",1499,834,1039,724
kn,ReDIV7Z5vgA,None,None,None,"[('ರಮ್ಮ', 'hindu', 'male'), ('ಮೇಡಂ', 'hindu', 'female'), ('ಪೂರ್ಣಿಮ', 'hindu', 'female'), ('ಶುಶೀಲಮ್ಮ', 'hindu', 'female'), ('ಜ್ಯೋತಿ', 'hindu', 'female'), ('ಮಹಾದೇವ', 'hindu', 'male'), ('ಅರುಣ್', 'hindu', 'male'), ('ನಾಣಿ', 'hindu', 'female'), ('ಸರ್', 'hindu', 'male'), ('ಇಶು', 'hindu', 'male')]",1486,747,1006,644
kn,SdQRzTUTWMA,None,None,None,"[('ಸನ್ನಿಧಿ', 'hindu', 'female'), ('ಅಮ್ಮ', 'hindu', 'female'), ('ಆಯುಷಿ', 'hindu', 'female'), ('ತಂಗಿ', 'hindu', 'female'), ('ಟುಬಾ', 'hindu', 'female'), ('ದೊಡ್ಡಕ್ಕ', 'hindu', 'female'), ('ಚಂದ್ರಿಕಾ', 'hindu', 'female'), ('ರಾಧಿಕಾ', 'hindu', 'female'), ('ಅಂಜಲಿ', 'hindu', 'female')]",849,492,599,429
kn,SevbFZvNgGQ,None,None,ಬುದ್ಧಿ,"[('ತಮ್ಮ', 'hindu', 'male'), ('ಚಿದಾನಂದ', 'hindu', 'male'), ('ನಿರಂಜನ', 'hindu', 'male'), ('ಧ್ರುವ', 'hindu', 'male'), ('ಅಮ್ಮ', 'hindu', 'female'), ('ಚಿಕ್ಕಪ್ಪ', 'hindu', 'male'), ('ಭೀಮ', 'hindu', 'male'), ('ಗಂಗಾ', 'hindu', 'female'), ('ಮಂಗೇಶ', 'hindu', 'male'), ('ಅಪ್ಪ', 'hindu', 'male'), ('ರಾಮಜಿ', 'hindu', 'male'), ('ಪುರಂಜನ್', 'hindu', 'male'), ('ಅಣ್ಣ', 'hindu', 'male')]",1937,1018,1395,915
kn,SmOHSzy_vxA,None,None,None,"[('ಹುಡುಗಿ', 'hindu', 'female'), ('ಅತ್ತಿಗೆ', 'hindu', 'female'), ('ಅಣ್ಣಯ್ಯ', 'hindu', 'male'), ('ಸ್ನೇಹ', 'hindu', 'female'), ('ತಾಯಿ', 'hindu', 'female'), ('ಮಂಗಾರಮ್ಮ', 'hindu', 'female'), ('ಪುರ್ವಿ', 'hindu', 'female'), ('ಬಲಣಯ್ಯ', 'hindu', 'male'), ('ಗಂಡ', 'hindu', 'male'), ('ವಸು', 'hindu', 'male'), ('ಬಂಗಾರಮ್ಮ', 'hindu', 'female'), ('ಮಗಳು', 'hindu', 'female'), ('ಹಿರಿಹಣ್ಣಯ್ಯ', 'hindu', 'male')]",1142,686,782,592
kn,T1nfwZy7-Uw,None,None,"ಎಸ್ಟಿ, ಬುದ್ಧಿ","[('ಸುಮ', 'hindu', 'female'), ('ಅವ್ವ', 'hindu', 'female'), ('ನಾಗ', 'hindu', 'male'), ('ಅತ್ತಿಗೆ', 'hindu', 'female'), ('ಸ್ನೇಹ', 'hindu', 'female'), ('ಮೇಷ್ಟ್ರು', 'hindu', 'male'), ('ಬಾವ', 'hindu', 'male'), ('ಡ್ಯಾಡಿ', 'hindu', 'male'), ('ಕಾಳಿ', 'hindu', 'female'), ('ರಂಗನಾಥ', 'hindu', 'male'), ('ಸಿಡಿಆರ್ ಸರ್', 'hindu', 'male'), ('ರಜಿ', 'hindu', 'male'), ('ರಾಜೇಶ್ವರಿ', 'hindu', 'female')]",1328,802,900,677
kn,TQ6UZfqtROg,None,None,None,"[('ಗಟ್ಟಿ', 'hindu', 'male'), ('ಹೆಂಡಿರು', 'hindu', 'female'), ('ಪ್ರೀತಿ', 'hindu', 'female'), ('ಮಗ', 'hindu', 'male'), ('ವಿಚಿತ್ರ', 'hindu', 'male'), ('ತಂಗಿ', 'hindu', 'female'), ('ಅಪ್ಪಿ', 'hindu', 'male'), ('ಗುರು', 'hindu', 'male'), ('ಸಮಾಧಾನ', 'hindu', 'male'), ('ಕನಸು', 'hindu', 'female'), ('ಅಕ್ಕ', 'hindu', 'female'), ('ಹುಡುಗಿ', 'hindu', 'female'), ('ರಾತ್ರಿ', 'hindu', 'female'), ('ಕಾರ್ತಿಕ', 'hindu', 'male'), ('ಭಾವ', 'hindu', 'male'), ('ಗಂಡ', 'hindu', 'male'), ('ಮದುವೆ', 'hindu', 'male'), ('ಎದೆನೋವು', 'hindu', 'male'), ('ಪರಿಹಾರ', 'hindu', 'male'), ('ಸೀತಾ', 'hindu', 'female'), ('ಊಟ', 'hindu', 'male'), ('ನಿಶ್ಚಿತರ್ಥ', 'hindu', 'male'), ('ವಾತ್ಸಲ್ಯ', 'hindu', 'female'), ('ಅನುಮಾನ', 'hindu', 'male'), ('ಟಾರ್ಚರ್', 'hindu', 'male'), ('ಲಗ್ನ', 'hindu', 'male'), ('ಲಕ್ಷ್ಮಣ', 'hindu', 'male'), ('ಹುಡುಕ', 'hindu', 'male'), ('ಖುಷಿ', 'hindu', 'female'), ('ಹೆಂಡತೀರು', 'hindu', 'female'), ('ತಾಯಿ', 'hindu', 'female'), ('ಮನೆ', 'hindu', 'male'), ('ದೇವಸ್ಥಾನ', 'hindu', 'male'), ('ಮಗು', 'hindu', 'male'), ('ಸಂತೋಷ', 'hindu', 'male'), ('ಶರೀತ', 'hindu', 'male')]",1322,726,902,635
kn,TSegN-s_QAM,None,None,None,"[('ತಮ್ಮ', 'hindu', 'male'), ('ಅಮ್ಮ', 'hindu', 'female'), ('ವಿಷ್ಣು', 'hindu', 'male'), ('ಕುತ್ಕೋ', 'hindu', 'male'), ('ಲಕ್ಷ್ಮಿ', 'hindu', 'female'), ('ದುರ್ಗೆ', 'hindu', 'female'), ('ಪವಿತ್ರ', 'hindu', 'female'), ('ಅಜ್ಜಿ', 'hindu', 'female'), ('ದುರ್ಗಾ', 'hindu', 'female'), ('ಅಪ್ಪ', 'hindu', 'male'), ('ಸರಸ್ವತಿ', 'hindu', 'female'), ('ಲೀಲಾ', 'hindu', 'female'), ('ಅಕ್ಕ', 'hindu', 'female'), ('ಗಣೇಶ', 'hindu', 'male'), ('ಶಿವ', 'hindu', 'male'), ('ಏಜೆ', 'hindu', 'male')]",1280,721,877,628
kn,TaoOz4LBaDY,None,None,ಬುದ್ಧಿ,"[('ತಾರಮ್ಮ', 'hindu', 'female'), ('ರಿಷಿ', 'hindu', 'male'), ('ಗೌರಿ', 'hindu', 'female'), ('ಅಜ್ಜಿ', 'hindu', 'female'), ('ಕಮಲಿ', 'hindu', 'female'), ('ಮಂಗಳಮ್ಮ', 'hindu', 'female'), ('ಚಂದ್ರು', 'hindu', 'male'), ('ಸರ್', 'hindu', 'male'), ('ಊರ್ಮಿಳ', 'hindu', 'female')]",1197,629,733,538
kn,U8n81Nx_L7w,None,None,None,"[('ರಾಜಣ್ಣ', 'hindu', 'male'), ('ವೇದಾಂತ', 'hindu', 'male'), ('ಸುಹಾಸನೆ', 'hindu', 'female'), ('ಅಪ್ಪ', 'hindu', 'male'), ('ಅಮ್ಮ', 'hindu', 'female'), ('ಅಮೂಲ್ಯ', 'hindu', 'female'), ('ಆರ್ತಿ', 'hindu', 'female'), ('ಮುತ್ತುರಾಜಿ', 'hindu', 'male'), ('ವಿಕ್ಕಿ', 'hindu', 'male')]",1739,966,1238,852
kn,UaWe5eAVRog,None,None,None,"[('ಮನೋಹರ', 'hindu', 'male'), ('ಶ್ರೀನಿವಾಸ', 'hindu', 'male'), ('ಅಶ್ವಿನಿ', 'hindu', 'female'), ('ಸುಬ್ರಹ್ಮಣ್ಯ', 'hindu', 'male'), ('ಗೌರಿ', 'hindu', 'female'), ('ಹನುಮಂತ', 'hindu', 'male'), ('ಗಣೇಶ', 'hindu', 'male'), ('ಮಂಜುನಾಥ', 'hindu', 'male'), ('ರಾಮ', 'hindu', 'male'), ('ಲಕ್ಷ್ಮಣ', 'hindu', 'male')]",21,4,0,0
kn,V14MVBO8n-U,None,None,None,"[('ಮಮ್ಮಿ', 'hindu', 'female'), ('ಭಾಸ್ಕರ್', 'hindu', 'male'), ('ಮೂರ್ತಿ ಅಂಕಲ್', 'hindu', 'male'), ('ಡ್ಯಾಡಿ', 'hindu', 'male'), ('ರಾಕಿ', 'hindu', 'male'), ('ಕೀರ್ತಿ', 'hindu', 'male'), ('ಹಾರಿಕ', 'hindu', 'male'), ('ವಸು', 'hindu', 'male'), ('ಅನು', 'hindu', 'female'), ('ಅಕ್ಕ', 'hindu', 'female'), ('ಅಣ್ಣ', 'hindu', 'male'), ('ಸುಶಿಲ ಆಂಟಿ', 'hindu', 'female')]",1181,640,809,567
kn,V5B5Bjxq1aM,None,None,ಬುದ್ಧಿ,"[('ನಂದಿನಿ', 'hindu', 'female'), ('ರಾಜನಂದಿನಿ', 'hindu', 'female'), ('ಸುಭಾಷ್', 'hindu', 'male'), ('ಆರ್ಯ', 'hindu', 'male'), ('ಅಮ್ಮ', 'hindu', 'female'), ('ಸಂಪತ್', 'hindu', 'male'), ('ಯಶೋಧಾ ಇಂಡಸ್ಟ್ರೀಸ್', 'hindu', 'male'), ('ರಮ್ಯ', 'hindu', 'female'), ('ಹರಿ', 'hindu', 'male'), ('ಅನು', 'hindu', 'female'), ('ಭೂರಿಮ್ಯ', 'hindu', 'female'), ('ವರ್ಧನ್ ಕುಟುಂಬ', 'hindu', 'male')]",1339,725,880,624
kn,VNU9Fihep1g,None,None,ತುರಕರು,"[('ಈಗ ನನ್ನ ಶುತಿ ನನ್ನವಳ ಆಗಿದ್ದಾಳೆ', 'hindu', 'female'), ('ನಾನು ತಲೆ ಕೆಟ್ಟವನು ತಲೆ ಕೆಟ್ಟವನು', 'hindu', 'male'), ('ನೂರು ಜನ್ಮ ಎತ್ತು ಬಂದರು', 'hindu', 'male'), ('ನನ್ನ ಶರುತಿ ನನ್ನವಳಆಗಬೇಕು ಅಂತ ಕಾಯ್ತಾ ಇದ್ದೆ', 'hindu', 'female'), ('ಏನೋ ಮಾಡ್ತಿದ್ದೀಯಾ', 'hindu', 'male'), ('ನೀನೇನೋ ಹೂತಹಾಕೋದು', 'hindu', 'male'), ('ನಿನಗೆ ನನ್ನನ್ನ ಪ್ರೀತಿ ಮಾಡ್ತಿರೋ ದಿನಗಳನ್ನ ನೆನಪಿಸಿಕೊಟ್ಟರೆ ಸಾಕು.', 'hindu', 'female'), ('ಎಲ್ಲ ಬಾರನ ದೇವರ ಮೇಲೆ ಹಾಕಣ ಅಬ್ಬ', 'hindu', 'male'), ('ಬೇರೆ ಎಲ್ಲ ಜವಾಬ್ದಾರಿಗಳು ನಿನ್ನ ಮೇಲೆ ಇದೆ ಅ', 'hindu', 'male'), ('ನಾವಒಂು ಚೂರ್ ಚೂರು ಹಳೆದೆಲ್ಲ ನೆನಪಾಗ್ತಿದೆ. ಅಯ್ಯೋ ಸಿಂಗು', 'hindu', 'female'), ('ಹೇಳು ದೇವರೇ', 'hindu', 'male'), ('ನಿನ್ನ ಮತ್ತೆನಿ ನಾಯಿಕತೆನ ನಾನೇ ಮುಗಸ್ತ್ತಾ ಇದ್ದೆ', 'hindu', 'male'), ('ಈಗ', 'hindu', 'female'), ('ಥ್ಯಾಂಕ್ಸ್ ಗುರು', 'hindu', 'male'), ('ಹೇ ದೇವರೇ', 'hindu', 'male'), ('ನೀನಲ್ಲ ನಿಮ ಮಿಡಿ ಕಾಂದಾನೆ ಬಂದ್ರು ನಾನ ಏನು ಮಾಡೋದಕ್ಕ ಆಗಲ್ಲ ನಮ್ಕ್ಕ', 'hindu', 'female'), ('ಆ ದೇವರು', 'hindu', 'male'), ('ಮುಂದೆ ಹಮಮರ್ಲಿ ಹೇಳೋ ಬೇಗ', 'hindu', 'male'), ('ಹಯ್', 'hindu', 'male'), ('ಎಲ್ಲ ಎಡವಟ್ಟ ಆಗೋಯ್ತು. ಇವಳಿಗೆ ನೆನಪಹಾಗ್ತಿರೋದು ನಾನಲ್ಲ ಇವಳು ಹಳೆ ಗಂಡ', 'hindu', 'female'), ('ಲಕ್ಷ್ಮಿ ಬಾರಮ್ಮ ಬಾರಮ್ಮ ಲಕ್ಷ್ಮಿ ಬಾರಮ್ಮ', 'hindu', 'female'), ('ಅದು ನೀನಲ್ಲ ಅನ್ಸುತ್ತೆ ಗುರು', 'hindu', 'male'), ('ಹೆಚ್ಚು ಕಡಿಮೆ ಆದರೆ ಇಬ್ರುನ ಇಲ್ಲೇ ಹೂತಹಾಕಬಿಡ್ತೀನಿ ಏಯ್', 'hindu', 'male'), ('ಈ ಮಕ್ಕಳ ಜೊತೆ ಅಕ್ಕಸ', 'hindu', 'female'), ('ನಿನ ಜೀವದ ಮೇಲೆ ಆಸೆ ಇದ್ರೆ', 'hindu', 'male'), ('ನಾನು ಏನ್ ಮಾಡಬೇಕು ಅಂತ ಹೇಳು ಹೇಳು ದೇವರೇ ದೇವರೇ', 'hindu', 'male'), ('ನೀನು ಒಂದು ಜನ್ಮ ಅಲ್ಲ', 'hindu', 'female'), ('ಹೇಳು ದೇವರೇ ದೇವರೇ ಹೇಳು?', 'hindu', 'male'), ('ಈ ಜಾಗದಲ್ಲಿ ಒಂದು ನಿಮಿಷನು ಇರಬಾರ್ದು. ಜಾಗ ಖಾಲಿ ಮಾಡಿ ಹೋಗ್ತಾ ಇರಬೇಕು.', 'hindu', 'female'), ('ನನ್ನನ್ನ ಏನು ಮಾಡೋದಕ್ಕೆ ಆಗಲ್ಲ', 'hindu', 'male'), ('ಇಲ್ಲಂದ್ರೆ ಸಾಯಿಸಬಿಡ್ತೀನಿ ಲಾ ಸಯಿಸ್ಬಿಡ್ತೀನಿ', 'hindu', 'male'), ('ಆ ಇಲ್ಲ ಶ್ರಾವ ಅದು ನಾನೇ ಎರಡು ವರ್ಷದ ಹಿಂದಿನ ಕಥೆ ಅಲ್ವಾ ಆಗ ನಾನು ಇಷ್ಟೊಂದು ದಪ್ಪಾಗಿರ್ಲಿಲ್ಲ ತುಂಬಾ ಸ್ಲಿಮ್ ಆಗಿದ್ದೆ. ಆ ನಿನಗೆ ಆಕ್ಸಿಡೆಂಟ್ ಆದ್ಮೇಲೆ ನಾನು ಡಿಪ್ರೆಶನ್ಗೆ ಹೋದೆ. ಆಮೇಲೆ ಮಾತ್ರೆ ಅದು ಇದು ಅಂತ ದಪ್ಪಾಗ್ಬಿಟ್ಟೆ. ಅದು ನಾನೇ ಶ್ರಾವಯ', 'hindu', 'female'), ('ಅಕ್ಕ ನೆನಪುಗಳನ್ನ ನಾವು ವಾಪಸ್ ತರೋ ಪ್ರಯತ್ನಕ್ಕೆ ಜಯ ಸಿಗೋದು. ನೀನು ಹೆಚ್ಚು ಅವರನ್ನ ಮಾತಲ್ಲಿ ತಡೆದಿಟ್ಟಷ್ಟು ನಮಗೆ ಹೆಚ್ಚು ಸಮಯ ಸಿಗುತ್ತೆ ರಮಣ್ಣ ಅಕ್ಕ ನೆನಪುಗಳನ್ನ ವಾಪಸ್ ತರೋದಕ್ಕೆ ಇದಕ್ಕಿಂತ ದೊಡ್ಡ ಅವಕಾಶ ಸಿಗಲ್ಲ ರಮಣ್ಣ ಪ್ರಯತ್ನ ಪಡ್ತೀನ ಚಿನ್ನು', 'hindu', 'female'), ('ನಾನು ಏನ್ ಮಾಡಬೇಕು ಅಂತ ಹೇಳು ದೇವರೇ', 'hindu', 'male'), ('ನನ್ನ ಶಾವನ್ಗೆ ನನ್ನ ನೆನಪುಗಳನ್ನ ವಾಪಸ್ ಕೊಡು ದೇವರೇ', 'hindu', 'male')]",1265,728,898,615
kn,VV2gH8eTwOE,None,None,None,"[('ಅವ್ವ', 'hindu', 'female'), ('ರಾಜಮ್ಮ', 'hindu', 'female'), ('ಮಗ', 'hindu', 'male'), ('ಮಾವ', 'hindu', 'male'), ('ಬಟ್ಟಿ ಬಂಗಾರಮ್ಮನ್ ಮಗ', 'hindu', 'male'), ('ಎಸ್ಐ', 'hindu', 'male'), ('ಮಗಳು', 'hindu', 'female'), ('ಪಲ್ಲವಿ', 'hindu', 'female'), ('ಚಂದ್ರು', 'hindu', 'male'), ('ರುದ್ರಯ್ಯ', 'hindu', 'male'), ('ಬಾವು', 'hindu', 'male'), ('ಮಮ್ಮಿ', 'hindu', 'female'), ('ಅಣ್ಣ', 'hindu', 'male'), ('ಜಿಗಳಿ', 'hindu', 'male'), ('ಶ್ರೀಕಂಡೇಶ್ವರ', 'hindu', 'male'), ('ನಾನೆಯ', 'hindu', 'female'), ('ಶಾರದಾ', 'hindu', 'female'), ('ಅತ್ತಿಗೆ', 'hindu', 'female'), ('ಸ್ನೇಹ', 'hindu', 'female'), ('ಲೇಡಿ', 'hindu', 'female')]",1236,728,829,633
kn,VujI0I95FPI,None,None,ಬುದ್ಧಿ,"[('ಸ್ವಾಮೀಜಿ', 'hindu', 'male'), ('ಕಾವ್ಯ', 'hindu', 'female'), ('ಹುಷಾರ್', 'hindu', 'male'), ('ಡಾಕ್ಟರ್', 'hindu', 'male'), ('ಅಮ್ಮ', 'hindu', 'female'), ('ಮಂತ್ರವಾದಿ', 'hindu', 'male'), ('ಶು', 'hindu', 'male'), ('ಬೆಳ್ಳಿ', 'hindu', 'female'), ('ಐಶು', 'hindu', 'female'), ('ಶರ್ಮಿಲಾ', 'hindu', 'female')]",1945,976,1370,863
kn,W9fj1tvuPrY,None,None,ಬುದ್ಧಿ,"[('ಕೇಳಿಸದೆ', 'hindu', 'male'), ('ಮಾದನ್', 'hindu', 'male'), ('ಮೇಡಂ', 'hindu', 'female'), ('ರಾಣಿ', 'hindu', 'female'), ('ದೀಪಿಕಾ', 'hindu', 'female'), ('ನೋಡದೆ', 'hindu', 'male'), ('ಬದರಿಂಗ್', 'hindu', 'male'), ('ಪೇಷನ್ಸ್', 'hindu', 'female'), ('ಗಾಡ್', 'hindu', 'male'), ('ಕಿರುಚಿದೆ', 'hindu', 'male'), ('ಅವ್ನಿ', 'hindu', 'male'), ('ವಾಟ್ಎವರ್', 'hindu', 'male'), ('ರಾಧಾ', 'hindu', 'female'), ('ಪುಟಾಣಿ', 'hindu', 'female'), ('ಅಣ್ಣ', 'hindu', 'male'), ('ನೋಡಿದ್ರು', 'hindu', 'male'), ('ಕಾಳ್ಚಿ', 'hindu', 'female'), ('ಲೀವ್ ಇಟ್', 'hindu', 'male'), ('ರಮಣ', 'hindu', 'male'), ('ಕೇಳಿಸಿದ್ರು', 'hindu', 'male'), ('ಡಮಿ', 'hindu', 'male'), ('ಸರೈಟ್', 'hindu', 'female'), ('ದೃಷ್ಟಿಯಲ್ಲಿ', 'hindu', 'female')]",799,486,550,404
kn,W9qQcL4foMM,None,None,None,"[('ಶರ್ಮಿಲ', 'hindu', 'female'), ('ಕಾರ್ತಿಕ', 'hindu', 'male'), ('ನವೇನ್', 'hindu', 'male'), ('ಐಶ್ವರ್ಯ', 'hindu', 'female'), ('ಬೆಳ್ಳಿ', 'hindu', 'female'), ('ಶಣ್ಮುಖ', 'hindu', 'male'), ('ಮಾಯ', 'hindu', 'female'), ('ಅಶು', 'hindu', 'male'), ('ಅಜ್ಜಿ', 'hindu', 'female')]",1397,804,936,684
kn,WsAkyj_u_uU,None,None,None,"[('ಸಾಹೇಬ್', 'hindu', 'male'), ('ಪಿಂಕಿ', 'hindu', 'female'), ('ಅಮ್ಮ', 'hindu', 'female'), ('ಚೇರ್ಮನ್ರೆ', 'hindu', 'male'), ('ಸುಹಾಸ್', 'hindu', 'male'), ('ಲಕ್ಕಿ', 'hindu', 'male'), ('ಗೀತ', 'hindu', 'female'), ('ಅಪ್ಪ', 'hindu', 'male'), ('ಚಿಕ್ಕತ್ತೆ', 'hindu', 'female'), ('ಮಂಗಳಕಂ', 'hindu', 'male')]",2143,1145,1594,1005
kn,WyxFFp-etVo,None,None,None,"[('ಏಜ್', 'hindu', 'male'), ('ಪಾಪು', 'hindu', 'male'), ('ದೇವ್', 'hindu', 'male'), ('ಅಜ್ಜಿ', 'hindu', 'female'), ('ಸರು', 'hindu', 'male'), ('ಮಮ್ಮ', 'hindu', 'female'), ('ಲೀಲಾ', 'hindu', 'female'), ('ರೇವತಿ', 'hindu', 'female'), ('ರಾಮ', 'hindu', 'male')]",1553,827,1044,728
kn,X-Hyb8gVKTc,None,None,None,"[('ರಮ್ಮ', 'hindu', 'male'), ('ಐಶು', 'hindu', 'female'), ('ಪೂರ್ಣಿಮ', 'hindu', 'female'), ('ವರ್ಮಾ', 'hindu', 'male'), ('ಬಂಟಿ ಅಕ್ಬರ್', 'hindu', 'male'), ('ಜ್ಯೋತಿ', 'hindu', 'female'), ('ಮಹಾದೇವ', 'hindu', 'male'), ('ಅರುಣ್', 'hindu', 'male'), ('ಸುಶೀಲಮ್ನವರು', 'hindu', 'female'), ('ಅಂಕಲ್', 'hindu', 'male')]",1538,736,1025,640
kn,X73AnEmkpv8,None,None,ಬುದ್ಧಿ,"[('ಅವ್ವ', 'hindu', 'female'), ('ಸುಮ್ಮಾ', 'hindu', 'female'), ('ಟೈಲರಿಂಗ್ ಕ್ಲಾಸ್', 'hindu', 'male'), ('ಜಿಗಣಿ', 'hindu', 'female'), ('ಹನುಮಂತನ ಗುಡಿ', 'hindu', 'male'), ('ಸಿಡಿಆರ್ ಸರ್', 'hindu', 'male'), ('ಬಡ್ಡಿ ಬಂಗಾರಮ್ಮನ ಮಗ', 'hindu', 'male'), ('ಶ್ರೀಕಂಠೇಶ್ವರ', 'hindu', 'male'), ('ಮುಂಗಸೆ', 'hindu', 'female'), ('ಕೊಕ್ಕೋ', 'hindu', 'male'), ('ಹೆಚ್ ಎಂ', 'hindu', 'male'), ('ಗಿಕ್ಕೋ', 'hindu', 'male'), ('ಕಾಲೇಜ್', 'hindu', 'male'), ('ನಿಮ್ಮ ಸಾಹಬ್ರು', 'hindu', 'male'), ('ಪೊಲೀಸ್ ಸ್ಟೇಷನ್', 'hindu', 'male'), ('ಜೀಪ್', 'hindu', 'male'), ('ಸುಮಾಳ್ಳೀ', 'hindu', 'female'), ('ಅಣ್ಣ', 'hindu', 'male'), ('ಜಗನ್ಮೋಹನ', 'hindu', 'male'), ('ನಾನೆಯ', 'hindu', 'female'), ('ಅತ್ತಿಗೆ', 'hindu', 'female'), ('ಗಾಡಿ', 'hindu', 'male'), ('ಕಂಠಿ ಪೂಜೆ', 'hindu', 'female'), ('ಸ್ನೇಹ', 'hindu', 'female'), ('ಮನೆಲಿ', 'hindu', 'female'), ('ಕೂಡರಸ್ತೆ', 'hindu', 'male'), ('ಮಾರ್ಕೆಟ್', 'hindu', 'female'), ('ಬಸ್', 'hindu', 'male'), ('ಶ್ರೀ', 'hindu', 'male')]",1608,972,1111,842
kn,X9HHcipNGN4,None,None,None,"[('ಮಮ್ಮಿ', 'hindu', 'female'), ('ಅಣ್ಣಯ್ಯ', 'hindu', 'male'), ('ಅತ್ತೆ', 'hindu', 'female'), ('ಪೂರ್ವಿ', 'hindu', 'female'), ('ಭಾವ', 'hindu', 'male'), ('ಬಾವ', 'hindu', 'male'), ('ಕಂಟಿ', 'hindu', 'male'), ('ತಂಗಿ', 'hindu', 'female'), ('ಡಾಡಿ', 'hindu', 'male'), ('ಮಾವ', 'hindu', 'male'), ('ರಾಮೇಶ್', 'hindu', 'male'), ('ರಾಜಿ', 'hindu', 'female'), ('ಪುಟ್ಟಕ್ಕ', 'hindu', 'female'), ('ಸ್ನೇಹಾ', 'hindu', 'female')]",1613,937,1099,819
kn,XGphB5n2K_E,None,None,None,"[('ಮೀನಾಕ್ಷಿ', 'hindu', 'female'), ('ಧ್ರುವ', 'hindu', 'male'), ('ಅಜಿ', 'hindu', 'male'), ('ಕಾಂತಣ್ಣ', 'hindu', 'male'), ('ಸಾದ', 'hindu', 'male'), ('ಅಜ್ಜಿ', 'hindu', 'female'), ('ಅಮೂಲ್ಯ', 'hindu', 'female'), ('ಬಬ್ಬಿ', 'hindu', 'male'), ('ಮಮ್ಮ', 'hindu', 'female'), ('ವೇದಾಂತ', 'hindu', 'male'), ('ಅಕ್ಕ', 'hindu', 'female'), ('ತೇಜ', 'hindu', 'male'), ('ಸುಹಾಸಿನಿ', 'hindu', 'female')]",1184,749,821,632
kn,XeXKxSQGWj0,None,None,ಬುದ್ಧಿ,"[('ಚಿಕ್ಕಮ್ಮ', 'hindu', 'female'), ('ಅಮ್ಮ', 'hindu', 'female'), ('ದೊಡ್ಡಮ್ಮ', 'hindu', 'female'), ('ಭಾವ', 'hindu', 'male'), ('ತಾಯಿ', 'hindu', 'female'), ('ಗಂಡ', 'hindu', 'male'), ('ಅಳಿಯಂದರು', 'hindu', 'male'), ('ಅಪ್ಪ', 'hindu', 'male'), ('ಮಗಳು', 'hindu', 'female'), ('ಸೊಸೆ', 'hindu', 'female')]",1710,948,1199,833
kn,XeroiOv1Jps,None,None,None,"[('ಬೋಲೆ ಬಾಬಾ', 'hindu', 'male'), ('ವಿಯೋಗಿನಿ ಬಾಬಾ', 'hindu', 'male'), ('ತಾರವ್ವ', 'hindu', 'female'), ('ಅಮ್ಮ', 'hindu', 'female'), ('ಉಫೋ ದೇವರೇ', 'hindu', 'male'), ('ಗೌರಿ', 'hindu', 'female'), ('ಕಮಲಿ', 'hindu', 'female'), ('ಮಂಗಳಮ್ಮ', 'hindu', 'female'), ('ಶಂಭು', 'hindu', 'male'), ('ಸಂಭು', 'hindu', 'male'), ('ಕಾಮಿನಿ', 'hindu', 'female'), ('ಅಕ್ಕ', 'hindu', 'female'), ('ತೇಜಸ್ಸ', 'hindu', 'male'), ('ರಚನೆ', 'hindu', 'female'), ('ಕೆಂಪಣ್ಣ', 'hindu', 'male'), ('ಅಣ್ಣ', 'hindu', 'male')]",1276,730,838,628
kn,YBhYbmcTfoc,None,None,None,"[('ಅಯ್ಯಯ್ಯೋ', 'hindu', 'male'), ('ಅರ್ಚಕರು', 'hindu', 'male'), ('ಓಂ', 'hindu', 'male'), ('ಅಮ್ಮವರೇ', 'hindu', 'female'), ('ಕಳಶ', 'hindu', 'male'), ('ದೃಷ್ಟಿ', 'hindu', 'female'), ('ಕೆಲಸ', 'hindu', 'male'), ('ಅಕ್ಕ', 'hindu', 'female'), ('ಅಸಿಸ್ಟೆಂಟ್', 'hindu', 'male'), ('ಮ್ಮ', 'hindu', 'female'), ('ಪರು', 'hindu', 'male'), ('ಮಮ', 'hindu', 'female'), ('ಪಾರ್ವತಿ', 'hindu', 'female'), ('ರಾಣಿ', 'hindu', 'female'), ('ಥೂ', 'hindu', 'male'), ('ಮ್ಯಾಜಿಕ್', 'hindu', 'male'), ('ಈಗಿನ ಕಾಲಜ', 'hindu', 'female'), ('ಮಂಗಳವಾರ್ತಕಸ್ತ', 'hindu', 'male'), ('ಅರಸಿನ ಕೋಟೆ', 'hindu', 'male'), ('ಪದ್ಮ', 'hindu', 'female'), ('ಎಣ್ಣೆ', 'hindu', 'male'), ('ಅಖಿಲಾಂಡೇಶ್ವರಿ', 'hindu', 'female'), ('ಆದಿ', 'hindu', 'male'), ('ಸಾಕ್ಷಾತ್ ದೇವರು', 'hindu', 'male'), ('ದಿಶಾ', 'hindu', 'female'), ('ಅಖಿಲಮ್ಮ', 'hindu', 'female'), ('ಸಾವಿತ್ರಿ', 'hindu', 'female'), ('ಮುದ್ದು ಹುಡುಗಿ', 'hindu', 'female'), ('ಪಾಯಸ', 'hindu', 'male'), ('ಸರ್ವದಾ', 'hindu', 'female'), ('ಏಯ್', 'hindu', 'male'), ('ನೈವೇದ್ಯ', 'hindu', 'female'), ('ಮಂಗಳಾರತ', 'hindu', 'male'), ('ದಾಮಿನಿ', 'hindu', 'female')]",563,375,393,320
kn,YZ4lXiDzpfI,None,None,ಬುದ್ಧಿ,"[('ಶಶಿಕಾಂತ್', 'hindu', 'male'), ('ಅಮ್ಮ', 'hindu', 'female'), ('ಜ್ಜಿ', 'hindu', 'female'), ('ನಾನು', 'hindu', 'male'), ('ಅತ್ತೆ', 'hindu', 'female'), ('ಚಿತ್ರವನ', 'hindu', 'male'), ('ದೇವರು', 'hindu', 'male'), ('ಮನೆ', 'hindu', 'male'), ('ಆಸ್ತಿ', 'hindu', 'female'), ('ಮುತ್ತು ಮಾವ', 'hindu', 'male'), ('ಬೆಳ್ಳಿ', 'hindu', 'female'), ('ಕಲೆ', 'hindu', 'male'), ('ಗೆಲುವು', 'hindu', 'male'), ('ಅಕ್ಕ', 'hindu', 'female'), ('ಭಯ', 'hindu', 'male'), ('ಗೌತಮ್', 'hindu', 'male')]",1233,726,761,592
kn,Yt0_oF9HLpk,None,None,None,"[('ಹಣ್ಣಿಂಗ', 'hindu', 'male'), ('ಭಾಗ್ಯ', 'hindu', 'female'), ('ಅಪ್ಪ', 'hindu', 'male'), ('ಪಾರ್ವತಿ', 'hindu', 'female'), ('ಮಂಡೇಶ್ವರಿ', 'hindu', 'female'), ('ಅಶ್ಮಾನ್', 'hindu', 'male'), ('ಅಖಿಲ', 'hindu', 'male'), ('ಹೂವೆ', 'hindu', 'female'), ('ರಜಮಾನ್', 'hindu', 'male'), ('ಅರಣ್ಯ', 'hindu', 'male'), ('ರಮಾಕಾಂತ್', 'hindu', 'male'), ('ಬಾನು', 'hindu', 'female'), ('ಅಖಿಲಾಂಡೇಶ್ವರಿ', 'hindu', 'female'), ('ಆದಿ', 'hindu', 'male'), ('ಚಿಕ್ಕಮ್ಮ', 'hindu', 'female'), ('ಅಮ್ಮ', 'hindu', 'female'), ('ಯಜಮಾನರು', 'hindu', 'male'), ('ಚಿಕ್ಕೇಶ್ಮಾನ್', 'hindu', 'male'), ('ಅನುಷ್ಕಾ', 'hindu', 'female')]",1124,575,728,509
kn,ZJfx_yaEDKo,None,None,None,"[('ರಮ್ಮ', 'hindu', 'male'), ('ಪೂರ್ಣಿಮ', 'hindu', 'female'), ('ಸುಶೀಲಮ್ಮ', 'hindu', 'female'), ('ಆಂಟಿ', 'hindu', 'female'), ('ಜ್ಯೋತಿ', 'hindu', 'female'), ('ಮಹಾದೇವ', 'hindu', 'male'), ('ಶು', 'hindu', 'male'), ('ಅರುಣ', 'hindu', 'male')]",1262,672,840,592
kn,ZJyY6_CV1iM,None,None,ಬಂಡೆ,"[('ಅಮ್ಮ', 'hindu', 'female'), ('ಸಂಪತ್', 'hindu', 'male'), ('ರಮ್ಯ', 'hindu', 'female'), ('ಸುಬ್ಬು', 'hindu', 'male'), ('ಆರ್ಯ ಸರ್', 'hindu', 'male'), ('ಅಪ್ಪ', 'hindu', 'male'), ('ಅನು', 'hindu', 'female')]",700,406,453,349
kn,ZvSoeZQkj3Q,None,None,None,"[('ಆರ್ಯ', 'hindu', 'male'), ('ರಾಜನಂದಿನಿ', 'hindu', 'female'), ('ಸುಬ್ಬು', 'hindu', 'male'), ('ಹನುಮಣ್', 'hindu', 'male'), ('ಅನು', 'hindu', 'female'), ('ಹರ್ಷವ್', 'hindu', 'male'), ('ಕೇಶವ್', 'hindu', 'male'), ('ಮೊರೆ ಸಾಹೇಬ್', 'hindu', 'male')]",973,523,592,441
kn,_09By4RHTjo,None,ರೆ ಅವಳಿಗೆ ಎಷ್ಟು ಚೆನ್ನಾಗಿ ಅರ್ಥ ಮಾಡಿಕೊಳ್ತಾನೆ,ಬುದ್ಧಿ, ,2077,1064,1561,942
kn,_RtWPjdcAGc,None,None,ಬುದ್ಧಿ, ,1428,778,1001,679
kn,_cM6EjCQaRQ,None,None,None,"[('ಚುಂಚುನಗಟ್ಟೆ ಅವರು', 'hindu', 'male'), ('ವಿಕ್ರಮ್', 'hindu', 'male'), ('ಜಾಫರ್', 'hindu', 'male'), ('ಯಜಮಾನರು', 'hindu', 'male'), ('ಮಂಗಳ ಗೌರಿ', 'hindu', 'female'), ('ದೇವ್ವ', 'hindu', 'female'), ('ರುದ್ರ ಮುನಿ', 'hindu', 'male'), ('ರಾಜೀವ್', 'hindu', 'male'), ('ಮಾಳೆ', 'hindu', 'female')]",1110,656,736,565
kn,_eOOr3qy04U,None,None,None,"[('ಸುಮತಿ', 'hindu', 'female'), ('ದತ್ತ', 'hindu', 'male'), ('ಪಿಂಕಿ', 'hindu', 'female'), ('ರಾಹುಲ್', 'hindu', 'male'), ('ಅಮ್ಮ', 'hindu', 'female'), ('ಜಾನು', 'hindu', 'male'), ('ಬಾವ', 'hindu', 'male'), ('ಲಕ್ಕಿ', 'hindu', 'male'), ('ಗೀತ', 'hindu', 'female'), ('ಚಿಕ್ಕತ್ತೆ', 'hindu', 'female')]",1712,945,1215,830
kn,_jAxgNor688,None,None,None,"[('ಯಮ', 'hindu', 'male'), ('ರಾವಣ', 'hindu', 'male'), ('ಪಾರ್ವತಿ', 'hindu', 'female'), ('ಕಾಕರಾಜ', 'hindu', 'male'), ('ದಾಮಿನಿ', 'hindu', 'female'), ('ಮಹಾದೇವ', 'hindu', 'male'), ('ಶನಿ', 'hindu', 'male')]",1078,483,679,426
kn,_owjN8ajdH8,None,ಅರಸರ ಮನೆಗೂ ಹುಡುಗರೆ ಕೊಡೋಕೆ ಒಂದು ಯೋಗ್ಯತೆ ಇರಬೇಕು,None,"[('ಹಿರಣ್ಮಯಿ', 'hindu', 'female'), ('ರಾಮು', 'hindu', 'male'), ('ಅಮ್ಮ', 'hindu', 'female'), ('ಸೂರ್ಯ', 'hindu', 'male'), ('ಲಕ್ಷ್ಮಿ', 'hindu', 'female'), ('ಶಿವು', 'hindu', 'male'), ('ಗೀತಾ', 'hindu', 'female'), ('ಅಪ್ಪ', 'hindu', 'male'), ('ಪುಟ್ಟಿ', 'hindu', 'female'), ('ಕಾತ್ಯಾಯಿನಿ', 'hindu', 'female')]",1042,638,712,557
kn,ar06hPJczbk,None,None,None,"[('ಮಗಳೇ', 'hindu', 'female'), ('ಸಾಹೇಬ್ರು', 'hindu', 'male'), ('ವಿಜಯ್ ಕುಮಾರ್', 'hindu', 'male'), ('ಮಂಗಳಗೌರಿ', 'hindu', 'female'), ('ರಾಜೀವ', 'hindu', 'male'), ('ತಾಯಿ', 'hindu', 'female'), ('ಬಾಪ್ಪ', 'hindu', 'male'), ('ಸ್ನೇಹ ಮೇಡಂ', 'hindu', 'female'), ('ಅಮ್ಮಗರಾಯ', 'hindu', 'male'), ('ದಾನೆಶ್', 'hindu', 'male')]",590,385,407,323
kn,awiaESir-do,None,None,ಬುದ್ಧಿ,"[('ಮೇಡಂ', 'hindu', 'female'), ('ಅಮ್ಮ', 'hindu', 'female'), ('ಸರಸ್ವತಿ', 'hindu', 'female'), ('ವಿನಾಯಕ', 'hindu', 'male'), ('ಪ್ರಾಧನ', 'hindu', 'male'), ('ಅತ್ತೆ', 'hindu', 'female'), ('ರಮಣ', 'hindu', 'male'), ('ಮಾನಸಿ', 'hindu', 'female'), ('ರಾಧಾ', 'hindu', 'female'), ('ಗಣೇಶ', 'hindu', 'male'), ('ತನು', 'hindu', 'male'), ('ಅಣ್ಣ', 'hindu', 'male')]",804,533,577,451
kn,bFFbL4cMwZ4,Divorce,None,None,"[('ಅತ್ತಿಗೆ', 'hindu', 'female'), ('ದತ್ತಣ್ಣ', 'hindu', 'male'), ('ಮಂಗಳ', 'hindu', 'male'), ('ಲಕ್ಕಿ', 'hindu', 'male'), ('ಕವಿತಾ', 'hindu', 'female'), ('ಚಂದ್ರಶೇಖರ್', 'hindu', 'male'), ('ಗೀತ', 'hindu', 'female'), ('ಗುಂಡಮ್ಮ', 'hindu', 'female'), ('ಸುಮತಿ ಅಕ್ಕ', 'hindu', 'female')]",1844,972,1297,862
kn,bKwvVmBQnRg,None,None,ಬುದ್ಧಿ, ,1790,954,1238,832
kn,bPz77nYwDa8,None,None,None,"[('ಮಿಶಾ', 'hindu', 'male'), ('ಅಮ್ಮ', 'hindu', 'female'), ('ದಿವ್ಯ', 'hindu', 'female'), ('ಭಾವನ್', 'hindu', 'male'), ('ಸತ್ಯ', 'hindu', 'male'), ('ಬಾಮ್ಮ', 'hindu', 'female'), ('ಊರ್ಮಿಳಾ', 'hindu', 'female'), ('ಅಪ್ಪ', 'hindu', 'male'), ('ಕಾರ್ತಿಕ್', 'hindu', 'male'), ('ನಿಶಾ', 'hindu', 'female'), ('ಅಕ್ಕ', 'hindu', 'female')]",1181,654,812,568
kn,bQegLgtXyVM,dowry,None,None,"[('ನೆನಕೋ', 'hindu', 'female'), ('ಲಕ್ಷಣ', 'hindu', 'male'), ('ಅಮ್ಮ', 'hindu', 'female'), ('ಜಾಕ್ಸನ್', 'christian', 'male'), ('ಓಂ', 'hindu', 'male'), ('ತಾರ', 'hindu', 'female'), ('ಅಣ್ಣ', 'hindu', 'male'), ('ಅಜ್ಜಿ', 'hindu', 'female'), ('ಕಮಲಿ', 'hindu', 'female'), ('ಅತ್ತೆಮ್ಮ', 'hindu', 'female'), ('ಸರ್', 'hindu', 'male'), ('ಚಿನ', 'hindu', 'male'), ('ಅನಿಕಾ', 'hindu', 'female')]",1331,723,837,622
kn,bUhgh3Ja3jY,None,None,None,"[('ಮೇಡಂ', 'hindu', 'female'), ('ಪುಷ್ಪ', 'hindu', 'female'), ('ಸುಬ್ಬು', 'hindu', 'male'), ('ಆರ್ಯ ಸರ್', 'hindu', 'male'), ('ಅನು', 'hindu', 'female'), ('ಸರ್', 'hindu', 'male'), ('ಶುಭು', 'hindu', 'male')]",731,402,444,322
kn,bd5VyvFMZqw,None,None,None,"[('ಅವ್ವ', 'hindu', 'female'), ('ತಾತಯ್ಯ', 'hindu', 'male'), ('ದಿಗಲು', 'hindu', 'female'), ('ಸಾರ್', 'hindu', 'male'), ('ರಿಷಿ', 'hindu', 'male'), ('ರೋಹಿತ್', 'hindu', 'male'), ('ಗೌರಿ', 'hindu', 'female'), ('ಕಮಲಿ', 'hindu', 'female'), ('ರಾತಯ್ಯ', 'hindu', 'male'), ('ಮಂಗಳಮ್ಮ', 'hindu', 'female'), ('ಶಂಭು', 'hindu', 'male'), ('ಅಪ್ಪ', 'hindu', 'male'), ('ಚಂದ್ರು', 'hindu', 'male'), ('ಪುಟ್ಟ', 'hindu', 'male'), ('ವರ', 'hindu', 'male'), ('ಹುಳ', 'hindu', 'male'), ('ಅಣ್ಣ', 'hindu', 'male')]",1343,738,854,641
kn,bjp5wWwL51E,None,None,None,"[('ಕಾಲಭೈರವ', 'hindu', 'male'), ('ಶಾಸ್ತ್ರಿಗಳು', 'hindu', 'male'), ('ನಾಗಮಣಿ', 'hindu', 'female'), ('ಊರ್ಮಿಳಾ', 'hindu', 'female'), ('ಅಮೃತ', 'hindu', 'male'), ('ಯಮಿನಿ', 'hindu', 'female')]",1299,656,857,571
kn,blq4gckuKkg,None,None,None,"[('ಕಾಂತ', 'hindu', 'male'), ('ವಿಕ್ರಾಂತ್', 'hindu', 'male'), ('ವಶಿಷ್ಟ', 'hindu', 'male'), ('ಧ್ರುವ', 'hindu', 'male'), ('ಅಮ್ಮ', 'hindu', 'female'), ('ಮೇಡಂ', 'hindu', 'female'), ('ಅನಿಲ್', 'hindu', 'male'), ('ಶಿಷ್ಟ', 'hindu', 'male'), ('ಭೋಕೃಷ್ಣ', 'hindu', 'male'), ('ಆರ್ತಿ', 'hindu', 'female'), ('ವೇದಾಂತ', 'hindu', 'male')]",1059,674,781,584
kn,c1LdnAX0UmU,None,None,None,"[('ನಿಷಾ', 'hindu', 'female'), ('ಅಮ್ಮ', 'hindu', 'female'), ('ಶಾಕು', 'hindu', 'male'), ('ಸತ್ಯ', 'hindu', 'male'), ('ಕುವೆಂಪು', 'hindu', 'male'), ('ನಂದು', 'hindu', 'male'), ('ಬಸವಣ್ಣ', 'hindu', 'male'), ('ಅಜ್ಜಿ', 'hindu', 'female'), ('ಗಂಗೂರ', 'hindu', 'male'), ('ಮೇಷ್ಟ್ರೆ', 'hindu', 'male')]",1377,821,968,714
kn,cUCKdzMW1jE,None,None,None,"[('ಶಾರಿ', 'hindu', 'female'), ('ಚಂದರು', 'hindu', 'male'), ('ಅನಿಕ', 'hindu', 'male'), ('ಊರ್ಮುಳಿಂಗ', 'hindu', 'male'), ('ತಾರ', 'hindu', 'female'), ('ಗೌರಿ', 'hindu', 'female'), ('ಕಮಲಿ', 'hindu', 'female'), ('ಅಜ್ಜಿ', 'hindu', 'female'), ('ಮಂಗಳಮ್ಮ', 'hindu', 'female'), ('ಅಣ್ಣ', 'hindu', 'male'), ('ಬೇಬಿ', 'hindu', 'female')]",968,556,615,484
kn,cpFqoRxFIEw,None,None,ಬುದ್ಧಿ,"[('ಅಮ್ಮ', 'hindu', 'female'), ('ವಿಕ್ರಮ್', 'hindu', 'male'), ('ಲಕ್ಷ್ಮಿ', 'hindu', 'female'), ('ಪವಿತ್ರ', 'hindu', 'female'), ('ಅಜ್ಜಿ', 'hindu', 'female'), ('ಶ್ರದ್ಧಾಂಜಲಿ', 'hindu', 'female'), ('ಅಪ್ಪ', 'hindu', 'male'), ('ಚುಕ್ಕಿ', 'hindu', 'female'), ('ದೀಪ', 'hindu', 'female'), ('ಲೀಲಾ', 'hindu', 'female'), ('ಸರು', 'hindu', 'male'), ('ಏಜೆ', 'hindu', 'male')]",1505,816,1060,725
kn,cvJd7GFkVKI,None,None,None,"[('ಅ', 'hindu', 'male')]",11,2,0,0
kn,dFXeVSR-DBA,None,None,ಬುದ್ಧಿ,"[('ಬಾಮುಲ', 'hindu', 'male'), ('ಮೀನಾಕ್ಷಿ', 'hindu', 'female'), ('ಶಾಂತ', 'hindu', 'male'), ('ವಿಕ್ಕಿ', 'hindu', 'male'), ('ರಾಜು', 'hindu', 'male'), ('ಅಮೂಲ್ಯ', 'hindu', 'female'), ('ಆರ್ತಿ', 'hindu', 'female'), ('ವೇದಾಂತ', 'hindu', 'male'), ('ಅಕ್ಕ', 'hindu', 'female'), ('ತೇಜ', 'hindu', 'male'), ('ಸುಹಾಸಿನಿ', 'hindu', 'female')]",1114,716,766,606
kn,dYeXS4uwXZU,None,None,ಬುದ್ಧಿ,"[('ಶೀಲ', 'hindu', 'female'), ('ಮಗಳೇ', 'hindu', 'female'), ('ಭಾವ', 'hindu', 'male'), ('ಇನ್ಸ್ಪೆಕ್ಟರ್ ಸಾಹೇಬ್', 'hindu', 'male'), ('ವಿಕ್ರಮ್', 'hindu', 'male'), ('ಕಾರ್ಪೊರೇಷನ್ ಸರ್ಕಲ್', 'hindu', 'male'), ('ಕಮಿಷನರ್', 'hindu', 'male'), ('ಅಂಕಲ್', 'hindu', 'male'), ('ಅಪ್ಪ', 'hindu', 'male'), ('ಏಜೆ', 'hindu', 'male'), ('ರೇವತಿ', 'hindu', 'female'), ('ನಾದನ', 'hindu', 'male'), ('ಕೌಸಲ್ಯ', 'hindu', 'female')]",1536,824,1015,720
kn,e2h02Oy-h2g,class,None,ಬುದ್ಧಿ,"[('ಮುಲಯ', 'hindu', 'male'), ('ವಿಕ್ರಾಂತ್', 'hindu', 'male'), ('ಧ್ರುವ', 'hindu', 'male'), ('ಅಗ್ರಜ', 'hindu', 'male'), ('ಗೌರವ', 'hindu', 'male'), ('ಅಂಜು', 'hindu', 'female'), ('ಆದ್ಯ', 'hindu', 'female'), ('ಅಮೂಲ್ಯ', 'hindu', 'female'), ('ವೇದಾಂತ', 'hindu', 'male')]",1728,945,1234,814
kn,epyZNayi2r0,None,None,None,"[('ಮೇಡಂ', 'hindu', 'female'), ('ಪುಷ್ಪ', 'hindu', 'female'), ('ಸಂಪತ್', 'hindu', 'male'), ('ಶಾರದಮ್ಮ', 'hindu', 'female'), ('ರಮ್ಯ', 'hindu', 'female'), ('ಜೋಕ ತವ', 'hindu', 'male'), ('ಆರ್ಯ ಸರ್', 'hindu', 'male'), ('ಹರ್ಷವರ್ಧನ', 'hindu', 'male'), ('ಅನು', 'hindu', 'female'), ('ಮಹೇಶ್', 'hindu', 'male')]",1117,605,761,524
kn,esrQe5FMBs4,None,None,ಬುದ್ಧಿ,"[('ರಮೇಶ್', 'hindu', 'male'), ('ಅತ್ತಿಗೆ', 'hindu', 'female'), ('ಋಷಿ', 'hindu', 'male'), ('ಅತ್ತಮ್ಮ', 'hindu', 'female'), ('ಚೆಂಟಿ', 'hindu', 'male'), ('ಕಮಲಿ', 'hindu', 'female'), ('ರಚನಾ', 'hindu', 'female'), ('ಹೆಚ್ಚಂಟಿನೀ', 'hindu', 'female'), ('ಸರ್', 'hindu', 'male'), ('ಚಿರಂತ್', 'hindu', 'male'), ('ಅಣ್ಣ', 'hindu', 'male')]",1165,695,803,602
kn,f-Fzy6fIf7U,None,None,None,"[('ಶ್ರೀನಿವಾಸ', 'hindu', 'male'), ('ಅಮರೇಶ್ವರ', 'hindu', 'male'), ('ಹತುಮಂತರಾಯ', 'hindu', 'male'), ('ಗೌರಿ', 'hindu', 'female'), ('ಭರತ', 'hindu', 'male'), ('ನೀನಾಸಮ್', 'hindu', 'male'), ('ಶಿವಮೂರ್ತಿ', 'hindu', 'male'), ('ಮಂಜುನಾಥ', 'hindu', 'male'), ('ಲಕ್ಷ್ಮಣ', 'hindu', 'male'), ('ರಾಮಚಂದ್ರ', 'hindu', 'male')]",38,13,2,2
kn,f-f6VCULs8o,None,None,None,"[('ಮೀನಾಕ್ಷಿ', 'hindu', 'female'), ('ರಮೇಶ್', 'hindu', 'male'), ('ಋಷಿ', 'hindu', 'male'), ('ತಾರಾ', 'hindu', 'female'), ('ಅನ್ನಪೂರ್ಣಮ್ಮ', 'hindu', 'female'), ('ಕಮಲಿ', 'hindu', 'female')]",1105,668,716,564
kn,fCvTQRC-5Uc,None,None,None,"[('ರಿಷಿ', 'hindu', 'male'), ('ಊರ್ಮಿಳಾ', 'hindu', 'female'), ('ಅಜ್ಜಿ', 'hindu', 'female'), ('ಕಮಲಿ', 'hindu', 'female'), ('ಸುಮಿಳಾ', 'hindu', 'female'), ('ಶಂಭು', 'hindu', 'male'), ('ವೃದ್ಧಿ', 'hindu', 'female'), ('ಅಮ್ಮಮ್ಮ', 'hindu', 'female'), ('ಅನಿಕಾ', 'hindu', 'female'), ('ಬೇಬಿ', 'hindu', 'female')]",1390,800,933,688
kn,fJJI4jjuLq4,None,None,None,"[('ನರ್ಸಿಭಾನಿ', 'hindu', 'female'), ('ಗುರುಗಳು', 'hindu', 'male'), ('ದಾಶಾಯಣಿ', 'hindu', 'female'), ('ಭೋಲೇನಾಥ', 'hindu', 'male'), ('ಬಸರಿ', 'hindu', 'male'), ('ಜ್ವಾಲಮಾಲಿನಿ', 'hindu', 'female'), ('ತ್ರಿಶೂಲ್', 'hindu', 'male'), ('ಶಿವಾನಿ', 'hindu', 'female')]",1164,640,712,534
kn,fKJOpYBuWfE,None,None,None,"[('ಏಳು', 'hindu', 'male'), ('ಈ ಮನೆಲಿ', 'hindu', 'female'), ('ನೀನು', 'hindu', 'male'), ('ಕಣ್ಣಲ್ಲಿ', 'hindu', 'male'), ('ರಾಮ್ ರಾಮ್', 'hindu', 'male'), ('ಚಿನ್ನ', 'hindu', 'female'), ('ಮಾವ', 'hindu', 'male'), ('ಏಳು ನಿಮ್ಮನ್ನ ಬಿಟ್ಟಿರಕಆಗಲ್ಲ', 'hindu', 'male'), ('ಕಮಲಿ', 'hindu', 'female'), ('ಕುಳಿತೆ ಇರ್ತಾರೆ', 'hindu', 'male'), ('ಅಪ್ಪ', 'hindu', 'male'), ('ಕೋಪ ಮಾಡ್ಕೊಂಡು ಮಾತಾಡ್ತಿಲ್ಲ', 'hindu', 'male'), ('ಒಂದು', 'hindu', 'male'), ('ಏನೋ ಸುಳ್ಳಾದ ಜಗವನ್ನು ಮಾಡಿದೆ', 'hindu', 'male'), ('ಏಳು ಬಾಮ್ಮ ಮಲ್ಕೋಬಾ', 'hindu', 'male'), ('ಏನಾದ್ರೂ ಬೇಕಾದ್ರೆ', 'hindu', 'male'), ('ಪ್ರಾಣ', 'hindu', 'male'), ('ಏನೋ ಇಂಪಾರ್ಟೆಂಟ್ ಅಂದ್ರಲ್ಲ', 'hindu', 'male'), ('ಇಷ್ಟು', 'hindu', 'male'), ('ಓದುಕೊಳ್ಳೋಕೆ', 'hindu', 'male'), ('ಓಕೆ', 'hindu', 'male'), ('ತುಂಬಾ', 'hindu', 'male'), ('ಒಳ್ಳೆ', 'hindu', 'male'), ('ಈಗಾಗ್ಲೇ', 'hindu', 'female'), ('ಊಟ ಮಾಡಿಸ್ತ', 'hindu', 'male'), ('ಗಂಡ', 'hindu', 'male'), ('ಕೋಪ ಮಾಡ್ಕೊಳ್ಳಬೇಕು ಅಂತ ಅನಿಸ್ತಿದಿಯ', 'hindu', 'male'), ('ಏನ್ರೀ', 'hindu', 'male'), ('ತಾತನಿಗೆ', 'hindu', 'male'), ('ಕಾಕ', 'hindu', 'male'), ('ಉಳಿಯಲಿ', 'hindu', 'male'), ('ಏನೋ ಮುಟ್ಕೊಳ್ಳಬೇಕು ಅಂತ ಈಗ್ಲೂ ಅನಿಸ್ತಿದಿಯ', 'hindu', 'male'), ('ಕೂತ್ ಕಡೆ ಕೂತೆ ಇರ್ತೀರಾ', 'hindu', 'male'), ('ಗಾಬರಿ ಆಗಿದ್ದೀರಾ', 'hindu', 'male'), ('ಏನ್ ಮಾಡದನೀನೇ', 'hindu', 'male'), ('ಊಟ', 'hindu', 'male'), ('ಲಕ್ಷಣ', 'hindu', 'male'), ('ಮಮ್ಮಿ', 'hindu', 'female'), ('ಪರಪಂಚ', 'hindu', 'male'), ('ಏನಾದ್ರೂ ಹೇಳಿ', 'hindu', 'male'), ('ಏನಾದ್ರೂ', 'hindu', 'male'), ('ತಿನ್ನಕಿಲ್ಲ', 'hindu', 'male'), ('ಇಲ್ಲ', 'hindu', 'male'), ('ಏನಾಯ್ತು', 'hindu', 'male'), ('ಏನೋ ಹುಡುಗಾಟ ಆಡಬೇಕು ಅಂತ ಅನ್ಕೊಂಡಾರೆ', 'hindu', 'male'), ('ಏನೋ ತಮಾಷೆ ಮಾಡಬೇಕು ಅಂತ ಅನ್ಕೊಂಡಾರೆ', 'hindu', 'male'), ('ನನ್ನ', 'hindu', 'female'), ('ಏನೋ', 'hindu', 'male'), ('ಮಾವಯ್ಯ', 'hindu', 'male'), ('ತಿಂತಿದ್ರು', 'hindu', 'male'), ('ಮಳೆ ಬರುತ್ತೋ', 'hindu', 'male'), ('ಸುಮ್ನಿರು', 'hindu', 'male'), ('ಚೆನ್ನ', 'hindu', 'male'), ('ಒಬ್ಬಳು', 'hindu', 'female'), ('ಮಳೆ', 'hindu', 'male'), ('ಏನೋ ಕೆಟ್ಟ ಕನಸು ಬೀಳ್ತಿದೆ', 'hindu', 'male'), ('ಕುಡಿಯಲಿ', 'hindu', 'male'), ('ಅನಿಕ', 'hindu', 'male'), ('ಅಮ್ಮ', 'hindu', 'female'), ('ಏಳು ನಿಮ್ಮನ್ನ ಗಮನಿಸ್ಕೊಳ್ಳೋಕೆ ಆಗ್ಲಿಲ್ಲ', 'hindu', 'male'), ('ನಾಳೆ', 'hindu', 'male'), ('ಏನೋ ಗಾಬರಿ ಆಗಿದ್ದೀರಾ', 'hindu', 'male'), ('ಉಸಿರು', 'hindu', 'male'), ('ಅಜ್ಜಿ', 'hindu', 'female'), ('ಇನ್ನೊಂದು', 'hindu', 'male'), ('ಕಾಳಿಸಿಬಿಡ್ತೀನಿ', 'hindu', 'male'), ('ತಾತ', 'hindu', 'male'), ('ಊಟ ಮಾಡಿಸೆ ಮಾಡಸಿರ್ತಾಳೆ', 'hindu', 'female')]",989,541,622,446
kn,fTrAFXNo8IM,None,None,None,"[('ಶಾರದಾದೇವಿ', 'hindu', 'female'), ('ಆರ್ಯವರ್ಧನ್', 'hindu', 'male'), ('ಜೋಗಳಬಾವಿ', 'hindu', 'male'), ('ಸಿರಿಮನೆಯವರು', 'hindu', 'male'), ('ಪರಶುರಾಮ', 'hindu', 'male'), ('ಮಯೂರ್', 'hindu', 'male'), ('ಸರ್ಯಾಮಿ', 'hindu', 'male'), ('ವೀರ', 'hindu', 'male'), ('ಅನು', 'hindu', 'female'), ('ನಿಜಜಲಂದ್ರ', 'hindu', 'male')]",1050,609,655,507
kn,fYEsausBLRE,None,None,None,"[('ಮಗ', 'hindu', 'male'), ('ಮೇಡಂ', 'hindu', 'female'), ('ಹೆಂಡ್ರೆ', 'hindu', 'male'), ('ತಂದೆ', 'hindu', 'male'), ('ಸರ್', 'hindu', 'male'), ('ಜಂಟಿ ಸರ್', 'hindu', 'male'), ('ಪುಷ್ಪ', 'hindu', 'female'), ('ತಾಯಿ', 'hindu', 'female'), ('ಅನು', 'hindu', 'female'), ('ಡಾಕ್ಟರ್', 'hindu', 'male'), ('ಎಲ್ಲವ್ವ', 'hindu', 'female'), ('ಅಮ್ಮ', 'hindu', 'female'), ('ಸುಬ್ಬು', 'hindu', 'male')]",1318,743,867,638
kn,fbQj1yS_-PY,None,None,None,"[('ಅಮ್ಮ', 'hindu', 'female'), ('ಬಾವ', 'hindu', 'male'), ('ದೇವರು', 'hindu', 'male'), ('ಕಮಲ', 'hindu', 'female'), ('ಮಾವ', 'hindu', 'male'), ('ಗುರು', 'hindu', 'male'), ('ರಚನಾ', 'hindu', 'female'), ('ಅಪ್ಪ', 'hindu', 'male'), ('ಅಣ್ಣ', 'hindu', 'male')]",1258,707,796,598
kn,fbaPVMrd9fs,None,None,None,"[('ಕಾಳಿವತ', 'hindu', 'female'), ('ಅಮ್ಮ', 'hindu', 'female'), ('ನಂದಿಶ', 'hindu', 'male'), ('ವಿಜಯ', 'hindu', 'male'), ('ಮಗ', 'hindu', 'male'), ('ವಾಮಚಾರ', 'hindu', 'male'), ('ಆದಿಶೇಷ', 'hindu', 'male'), ('ತ್ರಿಶೂಲ', 'hindu', 'male'), ('ಗಂಡ', 'hindu', 'male'), ('ರಾಜ್ಯ', 'hindu', 'female'), ('ಪರಮೇಶ್ವರ', 'hindu', 'male'), ('ಮಮ್ಮ', 'hindu', 'female'), ('ಶಿವ', 'hindu', 'male'), ('ತ್ರಿವಿಕ್ರಮ', 'hindu', 'male'), ('ಶಿವಾನಿ', 'hindu', 'female'), ('ಭೂತ', 'hindu', 'male'), ('ದೇಶ', 'hindu', 'male')]",966,514,558,423
kn,fcbSe24WzrY,None,None,None,"[('ಮೇಡಂ', 'hindu', 'female'), ('ಅಮ್ಮ', 'hindu', 'female'), ('ರಾಹುಲ್', 'hindu', 'male'), ('ಪ್ರೀತಿ', 'hindu', 'female'), ('ಸರಸು', 'hindu', 'female'), ('ಡ್ಯಾಡ್', 'hindu', 'male'), ('ರಿಷಿ', 'hindu', 'male'), ('ಶಾಮಲಾ', 'hindu', 'female'), ('ಜ್ಯೋತಿ', 'hindu', 'female'), ('ಅಪ್ಪಾಯ', 'hindu', 'male'), ('ಲಾಯರ್', 'hindu', 'male'), ('ಇನ್ಸ್ಪೆಕ್ಟರ್', 'hindu', 'male'), ('ಸೊಸೆ', 'hindu', 'female'), ('ತೇಜಣ್ಣ', 'hindu', 'male'), ('ವಾಗ್ದೇವಿ', 'hindu', 'female'), ('ಗೋಪಾಲರಾವ್ ಕುತ್ಕೊಳ್ಳಿ', 'hindu', 'male')]",1340,771,1004,682
kn,fjKUYFKryoU,None,ುತ್ತಾನೆ.,None,"[('ಕಾಂತ', 'hindu', 'male'), ('ಮೇಡಂ', 'hindu', 'female'), ('ಧ್ರುವ', 'hindu', 'male'), ('ಪುಣ್ಯಕೋಟಿ ಹಸು', 'hindu', 'female'), ('ಚೀರಾ ಕಾಂತ', 'hindu', 'male'), ('ದಯವಿಟ್ಟು', 'hindu', 'female'), ('ಆಂಟಿ', 'hindu', 'female'), ('ಇಲಿ ಸಡತ', 'hindu', 'male'), ('ವಿಕಿಣ್', 'hindu', 'male'), ('ರಿಕಾಂತ', 'hindu', 'male'), ('ಅದಿತಿ', 'hindu', 'female'), ('ಒಂದು ನಿಮಿಷ', 'hindu', 'male'), ('ಆಗಾನಿಕ್ಸ್', 'hindu', 'female'), ('ಅತಿಥಿ', 'hindu', 'male'), ('ಅಂಕಲ್', 'hindu', 'male'), ('ವೇದಾಂತ್', 'hindu', 'male')]",2081,1161,1493,1025
kn,g7S03hqFbyk,None,None,None,"[('ಖುಷಿ', 'hindu', 'female'), ('ಅಮ್ಮ', 'hindu', 'female'), ('ಋಷಿ', 'hindu', 'male'), ('ನಿಮ್ಮೆಲ್ಲರೂ', 'hindu', 'male'), ('ಸಾರಿ', 'hindu', 'female'), ('ಬಾಪ', 'hindu', 'male'), ('ಅಜ್ಜಿ', 'hindu', 'female'), ('ಥ್ಯಾಂಕ್ಸ್', 'hindu', 'male'), ('ಯಶ್', 'hindu', 'male'), ('ಕಾಮಲಿ', 'hindu', 'female'), ('ಅನಿಕಾ', 'hindu', 'female')]",1202,648,808,556
kn,gD3WmL-BFL4,None,None,None,"[('ರಾಹುಲ್', 'hindu', 'male'), ('ಭಾಗ್ದೇವಿ', 'hindu', 'female'), ('ಕಾರ್ತಿಕೆ', 'hindu', 'male'), ('ಸರಸು', 'hindu', 'female'), ('ವಾಗದೇವಮ್ಮ', 'hindu', 'female'), ('ಲಕ್ಷ್ಮಿ', 'hindu', 'female'), ('ಯಜಮಾನರು', 'hindu', 'male'), ('ನವ್ಯ', 'hindu', 'female'), ('ರಾಜು', 'hindu', 'male'), ('ಡಾಕ್ಟರ್', 'hindu', 'male'), ('ತೇಜ', 'hindu', 'male')]",1106,653,800,548
kn,gIpFpxI6mR4,None,ಬೇಕಿತ್ತು ಹ ಹ ಅದಲ್ಲ ಸರ್ಸು ನನ್ನ ಚೀಲವನ್ನು ಅವರು ಕಿತ್ಕೊಂಡು ಹೋಗಿದ್ದಾರಲ್ಲ,ಬುದ್ಧಿ,"[('ಮೇಡಂ', 'hindu', 'female'), ('ಅಂಟಿ', 'hindu', 'female'), ('ರಾಹುಲ್', 'hindu', 'male'), ('ಪ್ರೀತಿ', 'hindu', 'female'), ('ಸರಸು', 'hindu', 'female'), ('ಡಾಡ್', 'hindu', 'male'), ('ನವ್ಯ', 'hindu', 'female'), ('ವಾಣಿ', 'hindu', 'female'), ('ಸರ್ಸು', 'hindu', 'male'), ('ಅಭಿ', 'hindu', 'male'), ('ಅಮ್ಮವರು', 'hindu', 'female')]",1844,989,1335,857
kn,gNln4lOuIKs,None,ನಾನೇ ಎಲ್ಲದಕ್ಕೂ ಕಾರಣ ಅಂತ ಗೊತ್ತಾದರೆ,None,"[('ನಾಗಗಳು', 'hindu', 'male'), ('ಗುರುಗಳು', 'hindu', 'male'), ('ಮಮ್ಮಿ', 'hindu', 'female'), ('ಕಾಲಭೈರವೇಶ್ವರ', 'hindu', 'male'), ('ಆದಿಶೇಷ', 'hindu', 'male'), ('ಭೋಲೇನಾಥ', 'hindu', 'male'), ('ಯಜಮಾನರು', 'hindu', 'male'), ('ನಾಗಮಣಿ', 'hindu', 'female'), ('ಅಜ್ಜಿ', 'hindu', 'female'), ('ಬೌಜಿ', 'hindu', 'male'), ('ಬಾಬಾ', 'hindu', 'male'), ('ಶಿವಾನಿ', 'hindu', 'female'), ('ಅಣ್ಣ', 'hindu', 'male')]",1554,834,1040,743
kn,gSlqaejE-wE,None,None,None,"[('ಅಮ್ಮ', 'hindu', 'female'), ('ಆ ಹುಡುಗಿ', 'hindu', 'female'), ('ಅವಳ', 'hindu', 'female'), ('ನಿನಗೆ', 'hindu', 'male'), ('ನನಗೆ', 'hindu', 'male'), ('ಮನಸಿಗೆ', 'hindu', 'male'), ('ಮಾಯ', 'hindu', 'female')]",216,150,122,114
kn,gTEF4CjQp3M,None,None,ಬುದ್ಧಿ,"[('ಮುತ್ತು', 'hindu', 'male'), ('ಅತ್ತೆ', 'hindu', 'female'), ('ಶರ್ಮಿಳ', 'hindu', 'female'), ('ತಾಯಿ', 'hindu', 'female'), ('ತಂದೆ', 'hindu', 'male'), ('ಅಶೋಕ', 'hindu', 'male'), ('ಹರಿಣಿ', 'hindu', 'female'), ('ಮುತ್ತು ಮಾವ', 'hindu', 'male'), ('ಬೆಳ್ಳಿ', 'hindu', 'female'), ('ಡಾಕ್ಟರ್', 'hindu', 'male'), ('ಸ್ವಾಮಿ', 'hindu', 'male'), ('ಅಣ್ಣ', 'hindu', 'male')]",838,469,580,402
kn,gsfvCcNVrNI,None,None,None,"[('ಅಮ್ಮ', 'hindu', 'female'), ('ಭಾವ', 'hindu', 'male'), ('ಸೂರ್ಯ', 'hindu', 'male'), ('ಲಕ್ಷ್ಮಿ', 'hindu', 'female'), ('ಕೀತನ್', 'hindu', 'male'), ('ಗೀತಾ', 'hindu', 'female'), ('ಮಾವ', 'hindu', 'male'), ('ಶಿವು', 'hindu', 'male'), ('ಡಾಕ್ಟರ್', 'hindu', 'male'), ('ರಂಗದೂರ', 'hindu', 'male')]",889,550,584,466
kn,hKPRt13pY4s,None,None,None,"[('ಶ್ರೀನಿವಾಸ', 'hindu', 'male'), ('ರಾಮಕೃಷ್ಣ', 'hindu', 'male'), ('ಅಮ್ಮ', 'hindu', 'female'), ('ಗೌರಿ', 'hindu', 'female'), ('ಶಂಕರ', 'hindu', 'male'), ('ಚಂದ್ರಶೇಖರ್', 'hindu', 'male'), ('ಗುರುರಾಜ', 'hindu', 'male'), ('ಮಂಜುನಾಥ', 'hindu', 'male'), ('ಸರ್', 'hindu', 'male')]",244,168,126,116
kn,iCmFPY8ztY8,None,None,None,"[('ಮೀನಾಕ್ಷಿ', 'hindu', 'female'), ('ಅಮ್ಮ', 'hindu', 'female'), ('ದ್ರುವ', 'hindu', 'male'), ('ಬಾವ', 'hindu', 'male'), ('ಬುಳ್ಳ', 'hindu', 'male'), ('ರಾಜಣ್ಣ', 'hindu', 'male'), ('ತಂಗಿ', 'hindu', 'female'), ('ಅಪ್ಪ', 'hindu', 'male'), ('ವೇದಾಂತ', 'hindu', 'male'), ('ಅಕ್ಕ', 'hindu', 'female'), ('ಪಟರೋಜಿ', 'hindu', 'male'), ('ಸಾರ್ಥಕ್', 'hindu', 'male')]",1401,873,1029,757
kn,iGX1ElU3la0,None,None,ಬುದ್ಧಿ,"[('ಅಮ್ಮ', 'hindu', 'female'), ('ಟಾಯ್ಸ್ ಕ್ವಾಲಿಟಿ ಕಂಟ್ರೋಲ್ ಬೋರ್ಡ್', 'hindu', 'male'), ('ರಮಣ', 'hindu', 'male'), ('ದೀಪಿಕಾ', 'hindu', 'female'), ('ಆರಾಧನ', 'hindu', 'female'), ('ರಾಧಾ', 'hindu', 'female'), ('ಮಾಮ್', 'hindu', 'female')]",593,418,423,338
kn,iHE6GH8aLmQ,None,None,None,"[('ಸುಗುಣ', 'hindu', 'male'), ('ಅಳಿಯಂದ್ರ', 'hindu', 'male'), ('ಮಂತ್ರಿ', 'hindu', 'male'), ('ರಾಜೀವ', 'hindu', 'male'), ('ಗೌರಿ', 'hindu', 'female'), ('ಮಂಗಳ', 'hindu', 'male'), ('ರುದ್ರಮುನಿ', 'hindu', 'male'), ('ಎಸ್ಪಿ ಸಾಹೇಬ್ರು', 'hindu', 'male'), ('ರಾಜವ್ವ', 'hindu', 'female'), ('ಪ್ರಶಾಂತ್', 'hindu', 'male'), ('ಚಂಚನ ಕಟ್ಟೆ', 'hindu', 'female'), ('ಐಎಸ್ಪಿ', 'hindu', 'male')]",1208,720,836,632
kn,iTiX_lnCnwQ,None,ಚುಳ್ಳ,None,"[('ಶೂರಪ್ಪ', 'hindu', 'male'), ('ಅಂಜಲಿ', 'hindu', 'female'), ('ಸುರಭಿ', 'hindu', 'female'), ('ಗೌತಮ', 'hindu', 'male'), ('ಅಜ್ಜು', 'hindu', 'male'), ('ಮುದುಕ', 'hindu', 'male'), ('ಬಾವ', 'hindu', 'male'), ('ಸನಿದಿ', 'hindu', 'male'), ('ಕೌಶಿಕ', 'hindu', 'male'), ('ಚಂದ್ರಿಕ', 'hindu', 'female'), ('ಆಯುಷ್', 'hindu', 'male'), ('ದೊಡ್ಡಕ್ಕ', 'hindu', 'female'), ('ಮಾಯ', 'hindu', 'female'), ('ರಾಧಿಕಾ', 'hindu', 'female'), ('ಭಾಸಿಂಗ್', 'hindu', 'male'), ('ತೇಜಸ್', 'hindu', 'male')]",1190,713,825,620
kn,iVjkdBBuV6U,None,None,ಬುದ್ಧಿ,"[('ಸ್ವಾತಿ ಅಜ್ಜಿ', 'hindu', 'female'), ('ದೊಡ್ಡಮ್ಮ', 'hindu', 'female'), ('ಮುತ್ತು', 'hindu', 'male'), ('ಸ್ವಾತಿ', 'hindu', 'female'), ('ಅಶೋಕ', 'hindu', 'male'), ('ಹರಣಿ', 'hindu', 'female'), ('ನಂಜುಂಡ', 'hindu', 'male'), ('ಡಾಕ್ಟರ್', 'hindu', 'male')]",1426,800,1032,710
kn,jUXclstmVTo,None,None,None,"[('ಎಸ್ಪಿ ರಾಜೀವ್', 'hindu', 'male'), ('ಕರ್ಕು', 'hindu', 'male'), ('ಸಾಹೇಬರು', 'hindu', 'male'), ('ಮಗ', 'hindu', 'male'), ('ಮಂಗಳಗೌರಿ', 'hindu', 'female'), ('ತಾಯಿ', 'hindu', 'female'), ('ಸಾಗ್ರಿ', 'hindu', 'female'), ('ಸತ್ಯ', 'hindu', 'male'), ('ಅಪ್ಪಾ', 'hindu', 'male'), ('ಹವಗ ಹೆಡಾನಿ', 'hindu', 'male'), ('ಪುಟ್ಟಗೌರಿ', 'hindu', 'female')]",475,306,313,255
kn,k0bBxuIufE8,None,None,None,"[('ಅವ್ವ', 'hindu', 'female'), ('ಅಪ್ಪಯ್ಯ', 'hindu', 'male'), ('ಅಮ್ಮ', 'hindu', 'female'), ('ಋಷಿ', 'hindu', 'male'), ('ತಾತಯ್ಯ', 'hindu', 'male'), ('ಊರ್ಮಿ', 'hindu', 'female'), ('ಗೌರಿ', 'hindu', 'female'), ('ರೋಹಿತ್', 'hindu', 'male'), ('ಮಾವ', 'hindu', 'male'), ('ಕಮಲಿ', 'hindu', 'female'), ('ಹಾಸಿನಿ', 'hindu', 'female'), ('ಮಂಗಳಮ್ಮ', 'hindu', 'female'), ('ಚಂದ್ರು', 'hindu', 'male'), ('ಅನಿಕೂಳ್ಳ', 'hindu', 'male')]",1197,679,755,574
kn,kJepY0A7Cc4,ಮಾಯ,None,None,"[('ರಂಗವ್ವ', 'hindu', 'female'), ('ಐಶು', 'hindu', 'female'), ('ಕಾವ್ಯ', 'hindu', 'female'), ('ಶರ್ಮಿಳ', 'hindu', 'female'), ('ಮಾಯಕ', 'hindu', 'male'), ('ಬೆಳ್ಳಿ', 'hindu', 'female'), ('ಷಣ್ಮುಗ', 'hindu', 'male')]",1731,876,1205,783
kn,kLSCb9NjcyM,None,None,None,"[('ಅ', 'hindu', 'male')]",8,2,0,0
kn,kUbXoTTRO7Y,None,None,"ಶೂದ್ರ, ಬುದ್ಧಿ","[('ಪಾಪ', 'hindu', 'male'), ('ಗುರುಗಳು', 'hindu', 'male'), ('ವಿಜಯ', 'hindu', 'male'), ('ಆದಿಶೇಷ', 'hindu', 'male'), ('ರಾಜ', 'hindu', 'male'), ('ಮಾವ', 'hindu', 'male'), ('ದೇವಸ್ಥಾನ', 'hindu', 'male'), ('ಅಜ್ಜಿ', 'hindu', 'female'), ('ಹನುಮಾನ', 'hindu', 'male'), ('ನಾಗಮಣಿ', 'hindu', 'female'), ('ನಾಗಿಣಿ', 'hindu', 'female'), ('ಅಂಕಲ್', 'hindu', 'male'), ('ಶಿವಾನಿ', 'hindu', 'female')]",1599,813,990,695
kn,kWJtgCiYpRo,None,None,None,"[('ಸುಧಾ', 'hindu', 'female'), ('ಅಮೂಲ್ ಬೇಬಿ', 'hindu', 'female'), ('ದಿವ್ಯ', 'hindu', 'female'), ('ಸತ್ಯ', 'hindu', 'male'), ('ಚೂನಾ', 'hindu', 'female'), ('ಅಂಥಾಮಸ್', 'hindu', 'male'), ('ಶಿಲ್ಪಾ', 'hindu', 'female'), ('ಜಾಕರೋ', 'hindu', 'male'), ('ಬಾಲ', 'hindu', 'male'), ('ಜಾನಕಿ ಅತ್ತೆ', 'hindu', 'female')]",1208,698,810,607
kn,kXzjG9nqByc,None,None,ಬುದ್ಧಿ,"[('ಕಾಂತ', 'hindu', 'male'), ('ಅಮ್ಮ', 'hindu', 'female'), ('ಭಾವ', 'hindu', 'male'), ('ರಿಕ್ಕಿ', 'hindu', 'male'), ('ಮೂಲ್ಯ', 'hindu', 'female'), ('ಗುಮಿ', 'hindu', 'male'), ('ಅದಿತಿ', 'hindu', 'female'), ('ಅಜ್ಜಿ', 'hindu', 'female'), ('ಅಪ್ಪ', 'hindu', 'male'), ('ವೇದಾಂತ', 'hindu', 'male'), ('ಪರಿ', 'hindu', 'female')]",1731,987,1239,864
kn,ks2FVlpVzbg,None,None,ಬುದ್ಧಿ,"[('ರಮ್ಮ', 'hindu', 'male'), ('ಅಮ್ಮ', 'hindu', 'female'), ('ಪಿಪಿ', 'hindu', 'male'), ('ಸಹನ', 'hindu', 'female'), ('ಸಾರ್', 'hindu', 'male'), ('ನೀರ್ನಳ್ಳಿ ರತ್ನಾಕರ', 'hindu', 'male'), ('ಜ್ಯೋತಿ', 'hindu', 'female'), ('ಅರುಣ್', 'hindu', 'male'), ('ಮೋಹನ್', 'hindu', 'male'), ('ರಾಮರಾವ್', 'hindu', 'male')]",1528,749,1000,644
kn,lCjEjGXqa9M,None,None,None,"[('ಬಾಜಿ', 'hindu', 'male'), ('ಪಾಜಿ', 'hindu', 'male'), ('ವಾಸು', 'hindu', 'male'), ('ಸುಲೋಚನ', 'hindu', 'female'), ('ಚಂದು', 'hindu', 'male'), ('ಪಾರ್ವತಿ', 'hindu', 'female'), ('ಶ್ರಾವ್ಯ', 'hindu', 'female'), ('ಮೊಮ್ಮಗಳು', 'hindu', 'female'), ('ಅರುಣ್', 'hindu', 'male'), ('ಬಂಗಾರ', 'hindu', 'male'), ('ಮಗು', 'hindu', 'male'), ('ಅಕ್ಕ', 'hindu', 'female'), ('ಚಿಕ್ಕಿ', 'hindu', 'female'), ('ಆಯಿ', 'hindu', 'female'), ('ಚಂತು', 'hindu', 'male')]",915,526,656,455
kn,mHI8o4yiBBc,None,None,ಬುದ್ಧಿ,"[('ಓಂ ನಮೋ ಕಾಲಭೈರವ', 'hindu', 'male'), ('ರಾಜೀವ', 'hindu', 'male'), ('ಮಂಗಳಗೌರಿ', 'hindu', 'female'), ('ರಾಜು', 'hindu', 'male'), ('ಸುಗಣ', 'hindu', 'female')]",928,587,657,505
kn,m_cpRmuJYGY,None,None,None,"[('ನೀಲಗಿರಿ', 'hindu', 'female'), ('ಅಮ್ಮ', 'hindu', 'female'), ('ಎಸ್ಪಿ ಸಾಹೇಬ್ರು', 'hindu', 'male'), ('ಮಂಗಳ ಗೌರಿ', 'hindu', 'female'), ('ಅಪ್ಪ', 'hindu', 'male'), ('ಮುಸಮಣ್ಣ', 'hindu', 'male'), ('ಲಾಡ್ ಸರ್', 'hindu', 'male'), ('ಕೆಂಚ ಶ್ರೀನಿವಾಸ', 'hindu', 'male'), ('ಸ್ವಾಮಿ', 'hindu', 'male'), ('ರೀನಾ', 'hindu', 'female'), ('ನ್ಯಾಯಪೀಠ', 'hindu', 'male')]",725,475,524,411
kn,myQ2ZoSYDBg,None,None,None,"[('ಶಾಸ್ತ್ರಿ', 'hindu', 'male'), ('ವಿಷ್ಣು', 'hindu', 'male'), ('ಭೈರವ', 'hindu', 'male'), ('ನಾಗರಾಜ', 'hindu', 'male'), ('ಕೋಡಿ', 'hindu', 'male'), ('ರುದ್ರ', 'hindu', 'male'), ('ಅಪ್ಪ', 'hindu', 'male'), ('ಅಮೃತ', 'hindu', 'male'), ('ಬಾಬಾ', 'hindu', 'male'), ('ನಾಗರಾಣಿ', 'hindu', 'female')]",1328,702,809,605
kn,n0JUtyfR7RE,None,None,ಬುದ್ಧಿ, ,1686,849,1160,745
kn,n1mxt6D_bl8,None,None,None,"[('ಸಾಹಿತ್ಯ', 'hindu', 'female'), ('ಪೂಜೆ', 'hindu', 'female'), ('ಗಮ್ಮಿ', 'hindu', 'male'), ('ಮೆಹರ್', 'hindu', 'male'), ('ಮೀನು', 'hindu', 'male'), ('ಅಜಿ', 'hindu', 'male'), ('ಶಾಂತಣ್ಣ', 'hindu', 'male'), ('ಅಮೂಲ್ಯ', 'hindu', 'female'), ('ಅಕ್ಕ', 'hindu', 'female'), ('ಅಚ್ಚಿ', 'hindu', 'female'), ('ಕೋಣಪ್ಪಾನಿ', 'hindu', 'male'), ('ಟಿಕೆಟ್ಸ್', 'hindu', 'male'), ('ಹೆಣ್ಣಮಗಳು', 'hindu', 'female'), ('ಲಗ್ನ ಪತ್ರಿಕೆ', 'hindu', 'male'), ('ಪುಟ', 'hindu', 'male'), ('ಸಾರಿಕ', 'hindu', 'female'), ('ಕುತ್ಕೊಳ್ಳಿ', 'hindu', 'male'), ('ಗೋಪಾಲ', 'hindu', 'male'), ('ಕಾಂತ', 'hindu', 'male'), ('ಮೀನಾಕ್ಷಿ', 'hindu', 'female'), ('ಪ್ರೀತಿನಾ', 'hindu', 'female'), ('ಮಮ್ಮಿ', 'hindu', 'female'), ('ತಾಲಿಮ', 'hindu', 'male'), ('ಯೋಲ್ಯ', 'hindu', 'female'), ('ಬ್ರೋ', 'hindu', 'male'), ('ವೇದಾಂತ', 'hindu', 'male'), ('ಬಾಸ್', 'hindu', 'male'), ('ಡಾಕ್ಟರ್', 'hindu', 'male')]",1435,835,1003,712
kn,nErt8pOcs4Y,None,None,None,"[('ಆದಿತ್ಯ', 'hindu', 'male'), ('ಭಾನು', 'hindu', 'male'), ('ಪಾರ್ವತಿ', 'hindu', 'female'), ('ಅರ್ಶೋ', 'hindu', 'male'), ('ಪ್ರೀತಮ್', 'hindu', 'male'), ('ಚೆನ್ನಪ್ಪ', 'hindu', 'male'), ('ರಮಕಾಂತ್', 'hindu', 'male'), ('ಅಖಿಲ', 'hindu', 'male'), ('ಮೈತ್ರಿ', 'hindu', 'female'), ('ಭಾಗ್ಯಲಕ್ಷ್ಮಿ', 'hindu', 'female'), ('ಶಿವ', 'hindu', 'male')]",1395,795,946,682
kn,nLn69B_3p4E,None,None,None,"[('ಪುಷ್ಪ', 'hindu', 'female'), ('ದೊಡ್ಡಮ್ಮ', 'hindu', 'female'), ('ಮುತ್ತು', 'hindu', 'male'), ('ಚಿತ್ರ', 'hindu', 'female'), ('ಅತ್ತೆ', 'hindu', 'female'), ('ತಾಯಿ', 'hindu', 'female'), ('ತಂದೆ', 'hindu', 'male'), ('ಮಾವ', 'hindu', 'male'), ('ದೊಡ್ಡಪ್ಪ', 'hindu', 'male'), ('ಬೆಳ್ಳಿ', 'hindu', 'female'), ('ಹರಿಕರ', 'hindu', 'male'), ('ನಂಜುಣ್ಣ', 'hindu', 'male'), ('ಶ್ರೀ ಕಾಲಭೈರವೇಶ್ವರಾಯ', 'hindu', 'male')]",1287,755,912,663
kn,od69wgHlPPY,None,None,None,"[('ಬ್ರಹ್ಮಾಧಿಪತಿ', 'hindu', 'male'), ('ಈಶಾನ', 'hindu', 'male'), ('ಯಾಮಿನಿ', 'hindu', 'female'), ('ಪಾರ್ವತಿ', 'hindu', 'female'), ('ಗುರುಗಳು', 'hindu', 'male'), ('ಬ್ರಹ್ಮ ಶಿವೋ', 'hindu', 'male'), ('ಈಶ್ವರ', 'hindu', 'male'), ('ಬ್ರಹ್ಮಣೋಧಿಪತಿ', 'hindu', 'male'), ('ಆದಿ', 'hindu', 'male'), ('ಯಶ್ಮನ್', 'hindu', 'male'), ('ಮಲಿಂಗ', 'hindu', 'male'), ('ಅಖಿಲಮ್ಮ', 'hindu', 'female'), ('ತಿಲ್ಲಮ್ಮ', 'hindu', 'female')]",659,390,433,337
kn,ooxlWrul3Ck,None,None,None,"[('ಸೀತಾ', 'hindu', 'female'), ('ಉರ್ಮಿಳಾ', 'hindu', 'female'), ('ಗುರುಗಳು', 'hindu', 'male'), ('ಅಮ್ಮ', 'hindu', 'female'), ('ಕೀರ್ತನ', 'hindu', 'male'), ('ಸತ್ಯ', 'hindu', 'male'), ('ಗಿರ್ಜಮ್ಮ', 'hindu', 'female'), ('ಶಿಷ್ಣು', 'hindu', 'male'), ('ಅತ್ತಗೆ', 'hindu', 'male'), ('ಕಾರ್ತಿಕ್', 'hindu', 'male'), ('ಲಕ್ಷ್ಮಣ', 'hindu', 'male')]",909,590,630,502
kn,ouWh9ojfc1E,None,ಕುಲಹೀನ ಶನಿ,None,"[('ಶುಭ ಮತ್ತು ಅಶುಭ', 'hindu', 'male'), ('ಸೂರ್ಯದೇವ', 'hindu', 'male'), ('ಶನಿ', 'hindu', 'male'), ('ಧರ್ಮರಾಜ', 'hindu', 'male'), ('ಭಾನು', 'hindu', 'male'), ('ಕಾಕರಾಜ', 'hindu', 'male'), ('ಯಮಿ', 'hindu', 'female'), ('ದಾಮಿನಿ', 'hindu', 'female'), ('ಭಾಮ ಶನಿ', 'hindu', 'male'), ('ದುಷ್ಟ ವ್ಯಕ್ತಿ', 'hindu', 'male'), ('ರಾವಣ', 'hindu', 'male'), ('ದೇವಿ ದಾಮನೆ', 'hindu', 'female'), ('ಪಿತಾಶ್ರೀ', 'hindu', 'male'), ('ಯಮ್ಮಿ', 'hindu', 'male'), ('ಮಂಗಳ', 'hindu', 'male'), ('ದೇವರಾಜ', 'hindu', 'male'), ('ಭವ್ಯ ಶನಿ', 'hindu', 'male'), ('ಯಮ', 'hindu', 'male'), ('ಭಾವ ಶನಿ', 'hindu', 'male'), ('ಮಂಗಳ ದೇವ', 'hindu', 'male'), ('ಸುಖಾಕ ರಾಜ', 'hindu', 'male'), ('ಗಂಧರ್ವ ರಾಜ ಚಿತ್ರರಥ', 'hindu', 'male'), ('ನಾರದಮುನಿ', 'hindu', 'male')]",1354,670,883,598
kn,oui9NuzZic0,None,ಪ್ರಾಣಿ,ಬುದ್ಧಿ,"[('ಐಶು', 'hindu', 'female'), ('ಪೂರ್ಣಿಮಾ', 'hindu', 'female'), ('ಅಮ್ಮ', 'hindu', 'female'), ('ಮಗ', 'hindu', 'male'), ('ನಾಣಿ', 'hindu', 'female'), ('ವೃದ್ಧಾಶ್ರಮ', 'hindu', 'male'), ('ಮಧು', 'hindu', 'male'), ('ಜೋತಿ', 'hindu', 'female'), ('ಮಹಾದೇವ', 'hindu', 'male'), ('ಅರುಣ್', 'hindu', 'male'), ('ಪುಟ್ಟ', 'hindu', 'male'), ('ಡಾಕ್ಟರ್', 'hindu', 'male'), ('ಅಂಕಲ್', 'hindu', 'male'), ('ಸರ್', 'hindu', 'male'), ('ಸೂಪರ್', 'hindu', 'male'), ('ಬಾಸಿಂಗ', 'hindu', 'male')]",1541,720,1043,623
kn,pTNiz1oe_Nc,None,None,ಬುದ್ಧಿ, ,1429,851,1029,746
kn,pVRuoo2_SX8,None,None,None,"[('ಮಾಮ್', 'hindu', 'female'), ('ಅಮ್ಮ', 'hindu', 'female'), ('ಪಾರ್ವತಿ', 'hindu', 'female'), ('ವಿಷ್ಣು', 'hindu', 'male'), ('ಬ್ರೋ', 'hindu', 'male'), ('ಅಜ್ಜಿ', 'hindu', 'female'), ('ದಿಶಾ', 'hindu', 'female'), ('ದೊಡ್ಡ ಯಜಮಾನರು', 'hindu', 'male'), ('ಅಖಿಲಮ್ಮ', 'hindu', 'female'), ('ಚಿಕ್ಕ ಯಜಮಾನರು', 'hindu', 'male'), ('ಪ್ರೀತು', 'hindu', 'male')]",1109,687,786,582
kn,pcZLLBqOREo,None,None,None,"[('ನಂದಿನಿ', 'hindu', 'female'), ('ಮೇಡಂ', 'hindu', 'female'), ('ಆರ್ಯ', 'hindu', 'male'), ('ರಾಜನಂದಿನಿ', 'hindu', 'female'), ('ಶಂಕರ್ ಶಾಂತಭೋಗ', 'hindu', 'male'), ('ಸುಭಾಷ್ ಪಾಟೀಲ್', 'hindu', 'male'), ('ಜಲಂಧರ್', 'hindu', 'male')]",1038,621,673,515
kn,pkV5R-NZots,None,None,None,"[('ಮಗಳೇ', 'hindu', 'female'), ('ಅಮ್ಮ', 'hindu', 'female'), ('ರಿನಾ', 'hindu', 'female'), ('ಮಂಡಿಕ', 'hindu', 'male'), ('ಮಂಗಳಗೌರಿ', 'hindu', 'female'), ('ದೆವ್ವ', 'hindu', 'male'), ('ಗುರು', 'hindu', 'male'), ('ರಾಜು', 'hindu', 'male'), ('ರಾಜೇಶ್', 'hindu', 'male'), ('ರಾಜೀವ್', 'hindu', 'male'), ('ನಂರಶಿವ', 'hindu', 'male')]",556,364,379,303
kn,r16FjgV-IiU,None,None,ಬುದ್ಧಿ,"[('ಕುಂಬಳಕಾಯಿ ಕಳ್ಳ', 'hindu', 'male'), ('ವರುಣ್', 'hindu', 'male'), ('ರಾಮು', 'hindu', 'male'), ('ಅಮ್ಮ', 'hindu', 'female'), ('ಪೂರ್ಣಿಮ', 'hindu', 'female'), ('ಮೂರ್ತಿ ಅಂಕಲ್', 'hindu', 'male'), ('ಸಹನ', 'hindu', 'female'), ('ದೊಡ್ಡವರು', 'hindu', 'male'), ('ಸೌಮ್ಯ', 'hindu', 'female'), ('ಜ್ಯೋತಿ', 'hindu', 'female'), ('ಜೋತಿ', 'hindu', 'female'), ('ಸತೀಶ', 'hindu', 'male'), ('ಅಪ್ಪ', 'hindu', 'male'), ('ನೀರಿನಳ್ಳಿ ರತ್ನಾಕರ', 'hindu', 'male'), ('ಗೋಪಾಲ', 'hindu', 'male'), ('ಚಿಕ್ಕ ಮಕ್ಕಳು', 'hindu', 'male')]",1344,747,924,665
kn,rCmcvDw5qkQ,None,None,None,"[('ಅಯ್ಯೋ ಕಿಮ್ಮ ಅಚಮ್ಮ', 'hindu', 'female'), ('ಬಂಕೆ', 'hindu', 'male'), ('ಚಿನ್ನ', 'hindu', 'female'), ('ಅಪ್ಪಾ', 'hindu', 'male'), ('ಅತ್ತೆಮ್ಮ', 'hindu', 'female'), ('ಕಮಲಿ', 'hindu', 'female'), ('ಮಗಳು', 'hindu', 'female'), ('ರಿಷಿ ಸರ್', 'hindu', 'male'), ('ಮದುವೆ', 'hindu', 'male'), ('ರಮೇಶ್', 'hindu', 'male'), ('ಅತ್ತೆ', 'hindu', 'female'), ('ಸರ್', 'hindu', 'male'), ('ಚಿರಂತ', 'hindu', 'male'), ('ಅಣ್ಣ', 'hindu', 'male'), ('ಅತ್ತಿಗೆ', 'hindu', 'female'), ('ಅಮ್ಮ', 'hindu', 'female'), ('ಶೀನು', 'hindu', 'male'), ('ಅಚ್ಚಿತ್ವ', 'hindu', 'male'), ('ತಾಯಿಯ ರೂಪ', 'hindu', 'female'), ('ಅಜ್ಜಿ', 'hindu', 'female'), ('ಡಾಕ್ಟರ್', 'hindu', 'male'), ('ಬಾರ್ತು', 'hindu', 'male')]",1293,713,841,617
kn,rVdz5mkn_Sc,None,None,None,"[('ಕಲ್ಪನಾ', 'hindu', 'female'), ('ಆದಿತ್ಯ', 'hindu', 'male'), ('ಜನನಿ', 'hindu', 'female'), ('ಮಮ್ಮಗಳು', 'hindu', 'female'), ('ರಘು', 'hindu', 'male'), ('ಅಜ್ಜಿ', 'hindu', 'female'), ('ಸಾಕವ್ವ', 'hindu', 'female'), ('ಅಖಿಲ', 'hindu', 'male'), ('ಅಮ್ಮಿ', 'hindu', 'female'), ('ತಾತ', 'hindu', 'male'), ('ದಾಮಿನಿ', 'hindu', 'female'), ('ಪ್ರೀತು', 'hindu', 'male'), ('ಜಾಕೋ', 'hindu', 'male')]",1425,783,922,669
kn,rsjzRMY3k18,None,None,None,"[('ಕೇಶ', 'hindu', 'male'), ('ರಾಜನಂದಿನಿ ಮೇಡಂ', 'hindu', 'female'), ('ಅಮ್ಮ', 'hindu', 'female'), ('ಎಂಪತ ಎಪಿತ', 'hindu', 'male'), ('ಸುಭಾಷ್ ಪಾಟೀಲ್', 'hindu', 'male'), ('ಗದ್ದು', 'hindu', 'male'), ('ಅಪ್ಪ', 'hindu', 'male'), ('ಮರ್ಫಿ', 'hindu', 'male'), ('ಬಂಗಾರ', 'hindu', 'male'), ('ಚಂದ್ರಪ್ಪ', 'hindu', 'male'), ('ವರ್ಧನ್ ಗ್ರೂಪ್ಸ್', 'hindu', 'male'), ('ಜಲಂಧರ್', 'hindu', 'male')]",1262,792,857,675
kn,rxRfZvAJs7A,None,None,ಬುದ್ಧಿ,"[('ತಮ್ಮ', 'hindu', 'male'), ('ಅಮ್ಮ', 'hindu', 'female'), ('ತಿಮ್ಮಲಕ್ಕಿ', 'hindu', 'female'), ('ಅದಿತ್ಯ', 'hindu', 'male'), ('ಉಷಾರಿ', 'hindu', 'female'), ('ರಾಣಿ', 'hindu', 'female'), ('ತಂಗಿ', 'hindu', 'female'), ('ಅಪ್ಪ', 'hindu', 'male'), ('ಆರತಿ', 'hindu', 'female'), ('ವೇದಾಂತ', 'hindu', 'male'), ('ಅಕ್ಕ', 'hindu', 'female'), ('ಅಣ್ಣ', 'hindu', 'male'), ('ಸಾರ್ಥಕ್', 'hindu', 'male')]",1301,806,926,693
kn,ryGsPaqz9Io,ಶ್ರೀಮಂತರು,None,ಬುದ್ಧಿ,"[('ನಂದಿ', 'hindu', 'male'), ('ಪಾರ್ವತಿ', 'hindu', 'female'), ('ಜಾನಕಿ', 'hindu', 'female'), ('ರಘು', 'hindu', 'male'), ('ವೆಂಕಟರಮಣ ಗೋವಿಂದ ಶಾಸ್ತ್ರಿ', 'hindu', 'male'), ('ಸುಜಾತ', 'hindu', 'female'), ('ಅಜ್ಜಿ', 'hindu', 'female'), ('ಅಚ್ಜಿ', 'hindu', 'female'), ('ತಾತ', 'hindu', 'male')]",1020,635,678,536
kn,sr0XY29QvqY,None,None,None,"[('ಬೇನಾ', 'hindu', 'female'), ('ತಗ್ಗು', 'hindu', 'male'), ('ರಾಕೇಶ್', 'hindu', 'male'), ('ಓಂ', 'hindu', 'male'), ('ಗಣೇಶ್', 'hindu', 'male'), ('ಐಶ್ವರ್ಯ', 'hindu', 'female'), ('ಲಕ್ಷ್ಮಿ', 'hindu', 'female'), ('ಮನಸು', 'hindu', 'male'), ('ಶಂಕರ್', 'hindu', 'male'), ('ಶಕ್ತಿ', 'hindu', 'male'), ('ದಕ್ಷಿಣ', 'hindu', 'male'), ('ಅನಂತ', 'hindu', 'male'), ('ಖಂಡಿತ', 'hindu', 'male'), ('ನಾಯಕ', 'hindu', 'male'), ('ಚಂದ್ರಶೇಖರ', 'hindu', 'male')]",124,88,50,50
kn,tCfzA1V3OtI,None,None,"ಬುದ್ಧಿ, ಬಂಡೆ","[('ಆರ್ಯವರ್ಧನ್', 'hindu', 'male'), ('ಮೇಡಂ', 'hindu', 'female'), ('ರಾಜನಂದಿನಿ', 'hindu', 'female'), ('ಸರಸ್ವತಿ', 'hindu', 'female'), ('ದಾದ', 'hindu', 'male'), ('ಪಸರಿ', 'hindu', 'female'), ('ಶ್ರೀಕೃಷ್ಣ', 'hindu', 'male'), ('ವಿಷ್ಣು', 'hindu', 'male'), ('ಓಂ', 'hindu', 'male'), ('ಕೇಶವ', 'hindu', 'male'), ('ಭಗವಂತ', 'hindu', 'male'), ('ಜಂಡೆ', 'hindu', 'male'), ('ವಿಧಿ', 'hindu', 'female'), ('ಅನು', 'hindu', 'female'), ('ಗಣಪತಿ', 'hindu', 'male'), ('ಚಂಡೆ', 'hindu', 'male'), ('ಹರ್ಷ', 'hindu', 'male'), ('ಮಾನಸಿ', 'hindu', 'female')]",1331,739,859,639
kn,ty3_7GgROIo,None,None,None,"[('ಗಂಗಾಧರ', 'hindu', 'male'), ('ಅಂಕೊಂಡು', 'hindu', 'male'), ('ಮಾವ', 'hindu', 'male'), ('ಅದಿತಿ', 'hindu', 'female'), ('ಅಕ್ಕ', 'hindu', 'female'), ('ಗಬಾ', 'hindu', 'male'), ('ರಾಜುಕಲ', 'hindu', 'male'), ('ಅಗರಾಜ', 'hindu', 'male'), ('ಸಾರಿಕ', 'hindu', 'female'), ('ಚೆಲುವೆ', 'hindu', 'female'), ('ಮೀನಾಕ್ಷಿ', 'hindu', 'female'), ('ಹಳೆಮುತ್ತಿ', 'hindu', 'female'), ('ಪಾನಿಪುರಿ', 'hindu', 'male'), ('ಅತ್ತೆ', 'hindu', 'female'), ('ಅರಿತಿ', 'hindu', 'female'), ('ದಪ್ಪಾ', 'hindu', 'male'), ('ವೇದಾಂತ', 'hindu', 'male'), ('ವಿಕ್ರಾಂತಿ', 'hindu', 'male'), ('ಸುಹಾಸನಿ', 'hindu', 'female'), ('ಅಮ್ಮ', 'hindu', 'female'), ('ರಾಜಣ್ಣ', 'hindu', 'male'), ('ಅಜ್ಜಿ', 'hindu', 'female'), ('ವಿಕ್ಕಿ ಬಾವ', 'hindu', 'male')]",1235,754,862,648
kn,uJ-j92BLiRg,None,None,None,"[('ಚಿನಂಗೇಶ', 'hindu', 'male'), ('ಪೊಲೀಸ್', 'hindu', 'male'), ('ಚಿದಾನಂದ', 'hindu', 'male'), ('ಗುರುಗಳು', 'hindu', 'male'), ('ಅಮ್ಮ', 'hindu', 'female'), ('ಮಾಧವಿ', 'hindu', 'female'), ('ಸರ್ ಸಾಹೇಬ', 'hindu', 'male'), ('ಅಪ್ಪ', 'hindu', 'male'), ('ಭೀಮರಾವ್', 'hindu', 'male'), ('ರಾಮಜಿ', 'hindu', 'male'), ('ಅಕ್ಕ', 'hindu', 'female'), ('ವಿದ್ಯಾಗಾಗ', 'hindu', 'female'), ('ಹೋಟೆಲ್', 'hindu', 'male'), ('ಮಕ್ಕಳು', 'hindu', 'male'), ('ಸಾಹೇಬ', 'hindu', 'male')]",1976,1060,1462,949
kn,uazMNM6yWWo,None,None,None,"[('ಪರಶಿವ', 'hindu', 'male'), ('ವೀರಯ್ಯ ದೇವ', 'hindu', 'male'), ('ಆದಿತ್ಯ', 'hindu', 'male'), ('ಅಮ್ಮ', 'hindu', 'female'), ('ಪಾರ್ವತಿ', 'hindu', 'female'), ('ರಘು', 'hindu', 'male'), ('ಅಖಿಲಾಂಡೇಶ್ವರಿ', 'hindu', 'female'), ('ಭಗವಂತ', 'hindu', 'male'), ('ಗುರು', 'hindu', 'male'), ('ಮಹಾದೇವ', 'hindu', 'male'), ('ಶಿವ', 'hindu', 'male')]",1348,753,921,674
kn,ulvmD6Uo_cA,None,None,None,"[('ಸಾಹುಕರ್', 'hindu', 'male'), ('ಜಾಕಿ', 'hindu', 'male'), ('ಪಾಂಬು', 'hindu', 'male'), ('ಅದಿಶೇಷ', 'hindu', 'male'), ('ಪಿಣಿ', 'hindu', 'male'), ('ಕಂಪಾಂಬು', 'hindu', 'female'), ('ಪಾವಕರ್', 'hindu', 'male'), ('ತ್ರಿಶೂಲ್', 'hindu', 'male'), ('ನಾಗಮಾತ', 'hindu', 'female'), ('ಶಿವಾನಿ', 'hindu', 'female'), ('ಮೂಡಿಗರು', 'hindu', 'male')]",1634,875,1081,776
kn,upXt2rrM-1Q,None,None,None,"[('ಅಪ್ಪಾಜಿ', 'hindu', 'male'), ('ಮಮ್ಮಿ', 'hindu', 'female'), ('ದಿವ್ಯ', 'hindu', 'female'), ('ಅಮ್ಮ', 'hindu', 'female'), ('ಸತ್ಯ', 'hindu', 'male'), ('ಭಾವ', 'hindu', 'male'), ('ಬಾವ', 'hindu', 'male'), ('ಚಿಕ್ಕಪ್ಪ', 'hindu', 'male'), ('ಸುಭಾಸ್', 'hindu', 'male'), ('ಡಾರ್ಲಿಂಗ್', 'hindu', 'male'), ('ಗಿರೀಜಮ್ಮ', 'hindu', 'female'), ('ನಿಶಾ', 'hindu', 'female'), ('ಕಾರ್ತಿಕ್', 'hindu', 'male'), ('ಅಕ್ಕ', 'hindu', 'female'), ('ತೇಜು', 'hindu', 'male')]",1716,950,1229,824
kn,v4gl78cji40,None,None,None,"[('ಮೇಡಂ', 'hindu', 'female'), ('ನಂದಿಶ', 'hindu', 'male'), ('ಗಂರೆ', 'hindu', 'male'), ('ತರಿಶು', 'hindu', 'male'), ('ದೇವರು', 'hindu', 'male'), ('ಆನಂದ', 'hindu', 'male'), ('ಯಜಮಾನರು', 'hindu', 'male'), ('ಭಗವಂತ', 'hindu', 'male'), ('ಕಜಮನ್ರ', 'hindu', 'male'), ('ತ್ರಿವಿಕ್ರಮ', 'hindu', 'male'), ('ಶಿವಾನಿ', 'hindu', 'female'), ('ಚಿಕ್ಕಿ', 'hindu', 'female'), ('ಸಾಂಬಶಿವ', 'hindu', 'male')]",1255,730,829,608
kn,vfxsKNNp9lU,None,None,ಬುದ್ಧಿ,"[('ಚಿದಾನಂದ', 'hindu', 'male'), ('ಧ್ರುವ', 'hindu', 'male'), ('ಮಾಧವಿ', 'hindu', 'female'), ('ಲಕ್ಷ್ಮಿ ಅಕ್ಕ', 'hindu', 'female'), ('ಭೀಮಾಬಾಯಿ', 'hindu', 'female'), ('ಮಂಗೇಶ', 'hindu', 'male'), ('ಭೀಮರಾವ್', 'hindu', 'male'), ('ರಾಮ್ಜಿ', 'hindu', 'male'), ('ಅಂಬೇಡ್ಕರ್ ಗುರುಗಳು', 'hindu', 'male')]",2071,1085,1493,972
kn,wGj14Zk1Qx8,None,ಮನೆಹಾಳು,ಬುದ್ಧಿ,"[('ಗುರೂಜಿ', 'hindu', 'male'), ('ಆದಿತ್ಯ', 'hindu', 'male'), ('ಯಶಮಾನ್', 'hindu', 'male'), ('ಪಾರ್ವತಿ', 'hindu', 'female'), ('ಬಾವ', 'hindu', 'male'), ('ರಘು', 'hindu', 'male'), ('ಅಖಿಲ', 'hindu', 'male'), ('ಅಕ್ಕ', 'hindu', 'female'), ('ದಾಮಿನಿ', 'hindu', 'female')]",1050,580,700,492
kn,x6hJlKWDUBQ,None,None,ಬುದ್ಧಿ,"[('ಸಿದ್ಧಾರ್ಥ್', 'hindu', 'male'), ('ಭರವಸೆ', 'hindu', 'male'), ('ದೊಡ್ಡವರು', 'hindu', 'male'), ('ಪವನ', 'hindu', 'male'), ('ಮಾಯ', 'hindu', 'female'), ('ಅಕ್ಕ', 'hindu', 'female'), ('ತನು', 'hindu', 'male'), ('ಕೋಪ', 'hindu', 'male'), ('ಸೀಕ್ರೆಟ್', 'hindu', 'male'), ('ಸನ್ನಿದಿ', 'hindu', 'female'), ('ತಲೆ ಚಿಟ್ಟು', 'hindu', 'male'), ('ಗುಟ್ಟು', 'hindu', 'male'), ('ಚಿಕ್ಕ ಮಕ್ಕಳು', 'hindu', 'male'), ('ಗೌತಮ್', 'hindu', 'male'), ('ಸತ್ಯ', 'hindu', 'male'), ('ಮನೆಯವರು', 'hindu', 'male'), ('ಕೋಪ ತಾಪ ಜಗಳ', 'hindu', 'male'), ('ರಾಧಿಕ', 'hindu', 'female'), ('ಅಖಿಲ್', 'hindu', 'male'), ('ಶತ್ರುಗಳು', 'hindu', 'male'), ('ಅಂಜಲಿ', 'hindu', 'female'), ('ಅಣ್ಣ', 'hindu', 'male'), ('ಆಯಶ್', 'hindu', 'male'), ('ಫ್ರೀಡಮ್', 'hindu', 'male'), ('ಚಂದ್ರಿಕ', 'hindu', 'female'), ('ಸ್ವಾತಂತ್ರ', 'hindu', 'male')]",1485,808,1039,700
kn,xV2FPFL3rkg,None,None,None,"[('ಅಮ್ಮ', 'hindu', 'female'), ('ಅದಿತ್ಯ', 'hindu', 'male'), ('ಭಾವ', 'hindu', 'male'), ('ಬಾವ', 'hindu', 'male'), ('ವೇದಾಂತ', 'hindu', 'male'), ('ಬಸರಿ', 'hindu', 'male'), ('ವಿಕ್ಕಿ', 'hindu', 'male'), ('ಅಮೂಲ್ಯ', 'hindu', 'female'), ('ದೀಪಾವಳಿ', 'hindu', 'female'), ('ಆರ್ತಿ', 'hindu', 'female'), ('ರಾಜ', 'hindu', 'male'), ('ಅಣ್ಣ', 'hindu', 'male'), ('ಸುಹಾಸಿನಿ', 'hindu', 'female')]",1712,1012,1240,892
kn,xsPQcL54CGk,None,None,None,"[('ಶಾಸ್ತ್ರಿ', 'hindu', 'male'), ('ಉರ್ಮಿಳಾ', 'hindu', 'female'), ('ಯಾಮಿನಿ', 'hindu', 'female'), ('ಮೂರ್ಖ ಹೆಣ್ಣೆ', 'hindu', 'female'), ('ನಂದೇ', 'hindu', 'male'), ('ಭೈರವ', 'hindu', 'male'), ('ವಾಸುಕಿ ವಂಶದ ಯುವರಾಣಿ', 'hindu', 'female'), ('ಅಮೃತ', 'hindu', 'male'), ('ಅಕ್ಕ', 'hindu', 'female')]",1293,648,826,560
kn,y3XjiKWiD4w,None,None,ಬುದ್ಧಿ,"[('ಚಿಕಮ್ಮ', 'hindu', 'female'), ('ಸ್ವಾಮಿಗಳೇ', 'hindu', 'male'), ('ಮುತ್ತು', 'hindu', 'male'), ('ನಾಗಾರ್ಜುನ', 'hindu', 'male'), ('ನೀಲ ಅಣ್ಣ', 'hindu', 'male'), ('ಶಾಸ್ತ್ರಿಗಳು', 'hindu', 'male'), ('ಹರಣಿ', 'hindu', 'female'), ('ದೊಡ್ಡಪ್ಪ', 'hindu', 'male'), ('ಬೆಳ್ಳಿ', 'hindu', 'female'), ('ನಂಜುಂಡ', 'hindu', 'male'), ('ಮಾಯ', 'hindu', 'female'), ('ಬೈರ', 'hindu', 'male')]",1398,804,1033,700
kn,y6kPBWeSduM,None,None,ಬುದ್ಧಿ,"[('ಮೀರಾಂ', 'hindu', 'male'), ('ಪಾರ್ವತಿ', 'hindu', 'female'), ('ರಘು', 'hindu', 'male'), ('ಚಿಕರೆ', 'hindu', 'male'), ('ರಾಜವಿಷ್ಣು', 'hindu', 'male'), ('ಯಜಮಾನರು', 'hindu', 'male'), ('ಗಣಿ', 'hindu', 'male'), ('ಯಶ್ಮಾನ್', 'hindu', 'male'), ('ಅಕಿಲ', 'hindu', 'male'), ('ಸಾರಥಿ', 'hindu', 'male'), ('ದಿಶಾ', 'hindu', 'female'), ('ದೊಡ್ಡ ಯಜಮಾನರು', 'hindu', 'male'), ('ಬುದ್ದಿ', 'hindu', 'male'), ('ಚಿಕ್ಕ ಯಜಮಾನರು', 'hindu', 'male'), ('ಪ್ರೀತು', 'hindu', 'male')]",1311,820,909,715
kn,yIjWh6V-TKY,None,None,None,"[('ಜಯ', 'hindu', 'male'), ('ಕಲ್ಪನಾ', 'hindu', 'female'), ('ಮೇಡಂ', 'hindu', 'female'), ('ಲೋಮ್ಮಿ', 'hindu', 'male'), ('ಆದಿತ್ಯ', 'hindu', 'male'), ('ಪಾರ್ವತಿ', 'hindu', 'female'), ('ತಾತ', 'hindu', 'male'), ('ರಘು', 'hindu', 'male'), ('ಸಾವಿತ್ರಿ', 'hindu', 'female'), ('ಯಜಮಾನರು', 'hindu', 'male'), ('ಚಿರಯವ್ವನ ತಾತ', 'hindu', 'male'), ('ಅಜ್ಜಿ', 'hindu', 'female'), ('ಅಖಿಲ', 'hindu', 'male'), ('ಗುರುಜಿ', 'hindu', 'male'), ('ಅನುಷ್ಕ', 'hindu', 'female')]",1269,733,891,649
kn,yTYkkbvENyY,None,None,None,"[('ಮಗ', 'hindu', 'male'), ('ಪುರಂದ್ರಣ್ಣ', 'hindu', 'male'), ('ಮಾವ', 'hindu', 'male'), ('ಕಮಲಿ', 'hindu', 'female'), ('ದೀಪ', 'hindu', 'female'), ('ಮಮ್ಮ', 'hindu', 'female'), ('ಚಂದ್ರು', 'hindu', 'male'), ('ಗಾಳಿ', 'hindu', 'male'), ('ಬೋನ್ ನೆರಗ್', 'hindu', 'male'), ('ಋಷಿ', 'hindu', 'male'), ('ಅನಿತ', 'hindu', 'female'), ('ರಾಕ್ಷಸ', 'hindu', 'male'), ('ನಿಂಗಿ', 'hindu', 'female'), ('ಅತ್ತೆ', 'hindu', 'female'), ('ಕುಂಕುಮ', 'hindu', 'female'), ('ಗಂಟುಕಾಳೆ', 'hindu', 'male'), ('ಬೆಂಕಿ', 'hindu', 'male'), ('ಸರ್', 'hindu', 'male'), ('ತಾತ', 'hindu', 'male'), ('ಊರ್ಮಿಳ', 'hindu', 'female')]",846,518,581,440
kn,yYIUHSbaqB0,None,None,None,"[('ಶ್ರೀಮಂತರ ಮನೆ ಸೊಸೆ', 'hindu', 'female'), ('ಅಮ್ಮ', 'hindu', 'female'), ('ಪಾರ್ವತಿ', 'hindu', 'female'), ('ಪ್ರಿತು', 'hindu', 'male'), ('ಗಣಿ', 'hindu', 'male'), ('ತಂಗಿ', 'hindu', 'female'), ('ಯಜಮಾನರೆ', 'hindu', 'male'), ('ಅಪ್ಪ', 'hindu', 'male'), ('ಮೋಹನ್', 'hindu', 'male'), ('ಅಕ್ಕ', 'hindu', 'female'), ('ರಾಮ', 'hindu', 'male')]",1750,941,1229,821
kn,yulrFGYfo10,None,None,None,"[('ಚನನ', 'hindu', 'male'), ('ಪತ್ಗೆ', 'hindu', 'male'), ('ರಾಮ್ಮನತರ ಮುಂಗಪ್ಪ', 'hindu', 'male'), ('ಇಲ್ಲ ತಾನೇ ಪ್ರೀತು', 'hindu', 'female'), ('ಅವನ ಮರ್ಯಾದೆನ ಅವನೇ ಕಳ್ಕೊತಾನ', 'hindu', 'male'), ('ಭಾವ', 'hindu', 'male'), ('ಜನನಿ', 'hindu', 'female'), ('ಮಗ', 'hindu', 'male'), ('ಮರಿ', 'hindu', 'female'), ('ಯಜಮಾನರೆ', 'hindu', 'male'), ('ಮನಿಕ', 'hindu', 'male'), ('ಪ್ರೀತು', 'hindu', 'male'), ('ಸೊಸೆ', 'hindu', 'female'), ('ಅಣ್ಣ', 'hindu', 'male')]",1538,847,1085,729
kn,zIvruOuZBQM,None,None,None,"[('ಆರ್ಯವರ್ಧನ್', 'hindu', 'male'), ('ಮೀರ', 'hindu', 'male'), ('ರಮ್ಯ', 'hindu', 'female'), ('ಸುಬ್ಬು', 'hindu', 'male'), ('ಅನು', 'hindu', 'female'), ('ಸಂಪತ್ತು', 'hindu', 'male')]",999,557,641,469
kn,zkN8XDspcqs,None,ಪಿಶಾಚಿ,None,"[('ಹರಿಕ', 'hindu', 'male'), ('ಮಮ್ಮಿ', 'hindu', 'female'), ('ದೊಡ್ಡಮ್ಮ', 'hindu', 'female'), ('ಅತ್ತೆ', 'hindu', 'female'), ('ಡ್ಯಾಡಿ', 'hindu', 'male'), ('ರಾಕಿ', 'hindu', 'male'), ('ದೊಡ್ಡಪ್ಪ', 'hindu', 'male'), ('ಅಜ್ಜಿ', 'hindu', 'female'), ('ಪಾವನಿ', 'hindu', 'female')]",950,500,602,431